"iso2_l1","iso2_l2","rho","family1","family2","comparison_count","name_l1","name_l2"
"ar","he",0.2389558035832,"Afro-Asiatic","Afro-Asiatic",1093,"Arabic","Hebrew"
"ar","zh",0.19594675064775,"Afro-Asiatic","Sino-Tibetan",1025,"Arabic","Chinese"
"az","ar",0.245193415564982,"Turkic","Afro-Asiatic",1013,"Azerbaijani","Arabic"
"az","eu",0.267797205356126,"Turkic","Basque",1019,"Azerbaijani","Basque"
"az","he",0.218440561503058,"Turkic","Afro-Asiatic",959,"Azerbaijani","Hebrew"
"az","ja",0.193807467671014,"Turkic","Japonic",845,"Azerbaijani","Japanese"
"az","ka",0.267887822394491,"Turkic","Kartvelian",953,"Azerbaijani","Georgian"
"az","kk",0.256600565435632,"Turkic","Turkic",1047,"Azerbaijani","Kazakh"
"az","ko",0.233343248936732,"Turkic","Koreanic",760,"Azerbaijani","Korean"
"az","ta",0.254063653083585,"Turkic","Dravidian",727,"Azerbaijani","Tamil"
"az","uz",0.26693413379369,"Turkic","Turkic",539,"Azerbaijani","Uzbek"
"az","zh",0.197829826963207,"Turkic","Sino-Tibetan",900,"Azerbaijani","Chinese"
"be","ar",0.273021475860329,"Indo-European","Afro-Asiatic",1004,"Belarusian","Arabic"
"be","az",0.269095223463678,"Indo-European","Turkic",932,"Belarusian","Azerbaijani"
"be","ca",0.323004802857764,"Indo-European","Indo-European",930,"Belarusian","Catalan"
"be","da",0.302119572999507,"Indo-European","Indo-European",951,"Belarusian","Danish"
"be","de",0.300793898868682,"Indo-European","Indo-European",436,"Belarusian","German"
"be","en",0.305110276174789,"Indo-European","Indo-European",894,"Belarusian","English"
"be","es",0.333640874845602,"Indo-European","Indo-European",1059,"Belarusian","Spanish"
"be","eu",0.284127041732665,"Indo-European","Basque",1013,"Belarusian","Basque"
"be","fr",0.312367552196128,"Indo-European","Indo-European",1046,"Belarusian","French"
"be","he",0.231111794240501,"Indo-European","Afro-Asiatic",952,"Belarusian","Hebrew"
"be","it",0.328677493012279,"Indo-European","Indo-European",1012,"Belarusian","Italian"
"be","ja",0.21316326103991,"Indo-European","Japonic",834,"Belarusian","Japanese"
"be","ka",0.303731997717809,"Indo-European","Kartvelian",945,"Belarusian","Georgian"
"be","kk",0.25723519184948,"Indo-European","Turkic",1037,"Belarusian","Kazakh"
"be","ko",0.2439092735009,"Indo-European","Koreanic",748,"Belarusian","Korean"
"be","lt",0.328742304293429,"Indo-European","Indo-European",1103,"Belarusian","Lithuanian"
"be","nl",0.3095446950031,"Indo-European","Indo-European",1074,"Belarusian","Dutch"
"be","no",0.288894139193157,"Indo-European","Indo-European",981,"Belarusian","Norwegian (Bokmål)"
"be","pt",0.304375284275896,"Indo-European","Indo-European",1064,"Belarusian","Portuguese"
"be","ro",0.284035285473039,"Indo-European","Indo-European",1105,"Belarusian","Romanian"
"be","ru",0.412748358376126,"Indo-European","Indo-European",974,"Belarusian","Russian"
"be","sv",0.284870641483126,"Indo-European","Indo-European",1021,"Belarusian","Swedish"
"be","ta",0.263580546666374,"Indo-European","Dravidian",714,"Belarusian","Tamil"
"be","tr",0.298540105908988,"Indo-European","Turkic",1084,"Belarusian","Turkish"
"be","uz",0.253838211345234,"Indo-European","Turkic",514,"Belarusian","Uzbek"
"be","zh",0.21178913942769,"Indo-European","Sino-Tibetan",898,"Belarusian","Chinese"
"bg","ar",0.285498914871149,"Indo-European","Afro-Asiatic",1085,"Bulgarian","Arabic"
"bg","az",0.291176552436614,"Indo-European","Turkic",1011,"Bulgarian","Azerbaijani"
"bg","be",0.31389191966298,"Indo-European","Indo-European",1014,"Bulgarian","Belarusian"
"bg","ca",0.33545527406131,"Indo-European","Indo-European",1043,"Bulgarian","Catalan"
"bg","cs",0.353255920674153,"Indo-European","Indo-European",1125,"Bulgarian","Czech"
"bg","da",0.316710905852882,"Indo-European","Indo-European",1050,"Bulgarian","Danish"
"bg","de",0.321402724520553,"Indo-European","Indo-European",459,"Bulgarian","German"
"bg","en",0.316780117219161,"Indo-European","Indo-European",991,"Bulgarian","English"
"bg","es",0.345782877489545,"Indo-European","Indo-European",1154,"Bulgarian","Spanish"
"bg","eu",0.287872678678105,"Indo-European","Basque",1110,"Bulgarian","Basque"
"bg","fr",0.321612989106685,"Indo-European","Indo-European",1180,"Bulgarian","French"
"bg","he",0.247614424047797,"Indo-European","Afro-Asiatic",1035,"Bulgarian","Hebrew"
"bg","hr",0.317384683197877,"Indo-European","Indo-European",1202,"Bulgarian","Croatian"
"bg","it",0.336767733953884,"Indo-European","Indo-European",1094,"Bulgarian","Italian"
"bg","ja",0.221699165431107,"Indo-European","Japonic",898,"Bulgarian","Japanese"
"bg","ka",0.29855819429579,"Indo-European","Kartvelian",1046,"Bulgarian","Georgian"
"bg","kk",0.263354412110159,"Indo-European","Turkic",1123,"Bulgarian","Kazakh"
"bg","ko",0.257188364370477,"Indo-European","Koreanic",810,"Bulgarian","Korean"
"bg","lt",0.312800970799632,"Indo-European","Indo-European",1208,"Bulgarian","Lithuanian"
"bg","nl",0.317715659148478,"Indo-European","Indo-European",1184,"Bulgarian","Dutch"
"bg","no",0.305003946148449,"Indo-European","Indo-European",1088,"Bulgarian","Norwegian (Bokmål)"
"bg","pl",0.351795089269364,"Indo-European","Indo-European",1105,"Bulgarian","Polish"
"bg","pt",0.318294283144218,"Indo-European","Indo-European",1186,"Bulgarian","Portuguese"
"bg","ro",0.293537596975396,"Indo-European","Indo-European",1255,"Bulgarian","Romanian"
"bg","ru",0.36230264575067,"Indo-European","Indo-European",1047,"Bulgarian","Russian"
"bg","sk",0.314795129628556,"Indo-European","Indo-European",1149,"Bulgarian","Slovak"
"bg","sv",0.294607169829501,"Indo-European","Indo-European",1129,"Bulgarian","Swedish"
"bg","ta",0.272355962131423,"Indo-European","Dravidian",790,"Bulgarian","Tamil"
"bg","tr",0.308972440931379,"Indo-European","Turkic",1186,"Bulgarian","Turkish"
"bg","uk",0.360785340064329,"Indo-European","Indo-European",1056,"Bulgarian","Ukrainian"
"bg","uz",0.268349640624338,"Indo-European","Turkic",591,"Bulgarian","Uzbek"
"bg","zh",0.235200194436849,"Indo-European","Sino-Tibetan",970,"Bulgarian","Chinese"
"ca","ar",0.287049949108081,"Indo-European","Afro-Asiatic",1078,"Catalan","Arabic"
"ca","az",0.289137126465375,"Indo-European","Turkic",946,"Catalan","Azerbaijani"
"ca","es",0.436378773314363,"Indo-European","Indo-European",1186,"Catalan","Spanish"
"ca","eu",0.312979202861457,"Indo-European","Basque",1036,"Catalan","Basque"
"ca","he",0.259526142083233,"Indo-European","Afro-Asiatic",1004,"Catalan","Hebrew"
"ca","it",0.392453287204764,"Indo-European","Indo-European",1102,"Catalan","Italian"
"ca","ja",0.247375556319973,"Indo-European","Japonic",901,"Catalan","Japanese"
"ca","ka",0.30463915779054,"Indo-European","Kartvelian",939,"Catalan","Georgian"
"ca","kk",0.278910215951006,"Indo-European","Turkic",1073,"Catalan","Kazakh"
"ca","ko",0.260740131644756,"Indo-European","Koreanic",765,"Catalan","Korean"
"ca","pt",0.367459914595884,"Indo-European","Indo-European",1205,"Catalan","Portuguese"
"ca","ro",0.306672445090621,"Indo-European","Indo-European",1216,"Catalan","Romanian"
"ca","ta",0.282201727971734,"Indo-European","Dravidian",729,"Catalan","Tamil"
"ca","tr",0.313704376453783,"Indo-European","Turkic",1120,"Catalan","Turkish"
"ca","uz",0.264385787686942,"Indo-European","Turkic",507,"Catalan","Uzbek"
"ca","zh",0.245616113524311,"Indo-European","Sino-Tibetan",952,"Catalan","Chinese"
"cs","ar",0.298103995163114,"Indo-European","Afro-Asiatic",1116,"Czech","Arabic"
"cs","az",0.311214114213492,"Indo-European","Turkic",1006,"Czech","Azerbaijani"
"cs","be",0.355511816894051,"Indo-European","Indo-European",998,"Czech","Belarusian"
"cs","ca",0.354131594216214,"Indo-European","Indo-European",1064,"Czech","Catalan"
"cs","da",0.350349045824329,"Indo-European","Indo-European",1078,"Czech","Danish"
"cs","de",0.364021654458306,"Indo-European","Indo-European",512,"Czech","German"
"cs","en",0.345799496778198,"Indo-European","Indo-European",1013,"Czech","English"
"cs","es",0.375536338298822,"Indo-European","Indo-European",1197,"Czech","Spanish"
"cs","eu",0.312433301955309,"Indo-European","Basque",1100,"Czech","Basque"
"cs","fr",0.355947128916919,"Indo-European","Indo-European",1194,"Czech","French"
"cs","he",0.267938646173687,"Indo-European","Afro-Asiatic",1064,"Czech","Hebrew"
"cs","it",0.371112254593019,"Indo-European","Indo-European",1126,"Czech","Italian"
"cs","ja",0.246837869513592,"Indo-European","Japonic",935,"Czech","Japanese"
"cs","ka",0.325450190995067,"Indo-European","Kartvelian",1030,"Czech","Georgian"
"cs","kk",0.280582991713122,"Indo-European","Turkic",1133,"Czech","Kazakh"
"cs","ko",0.279031006887943,"Indo-European","Koreanic",817,"Czech","Korean"
"cs","lt",0.347443361496321,"Indo-European","Indo-European",1223,"Czech","Lithuanian"
"cs","nl",0.34992305167316,"Indo-European","Indo-European",1223,"Czech","Dutch"
"cs","no",0.343096482436224,"Indo-European","Indo-European",1114,"Czech","Norwegian (Bokmål)"
"cs","pl",0.406850597443789,"Indo-European","Indo-European",1128,"Czech","Polish"
"cs","pt",0.346221184383347,"Indo-European","Indo-European",1225,"Czech","Portuguese"
"cs","ro",0.31280509448201,"Indo-European","Indo-European",1263,"Czech","Romanian"
"cs","ru",0.407988673634202,"Indo-European","Indo-European",1072,"Czech","Russian"
"cs","sv",0.328468779708693,"Indo-European","Indo-European",1158,"Czech","Swedish"
"cs","ta",0.298775619466688,"Indo-European","Dravidian",779,"Czech","Tamil"
"cs","tr",0.335458535062422,"Indo-European","Turkic",1196,"Czech","Turkish"
"cs","uk",0.401672150150876,"Indo-European","Indo-European",1078,"Czech","Ukrainian"
"cs","uz",0.294838154080157,"Indo-European","Turkic",565,"Czech","Uzbek"
"cs","zh",0.249446116277565,"Indo-European","Sino-Tibetan",1000,"Czech","Chinese"
"da","ar",0.273298810346401,"Indo-European","Afro-Asiatic",1065,"Danish","Arabic"
"da","az",0.271383139543327,"Indo-European","Turkic",945,"Danish","Azerbaijani"
"da","ca",0.335208650006587,"Indo-European","Indo-European",1016,"Danish","Catalan"
"da","de",0.369694281560053,"Indo-European","Indo-European",501,"Danish","German"
"da","en",0.339820144647176,"Indo-European","Indo-European",980,"Danish","English"
"da","es",0.353136029226268,"Indo-European","Indo-European",1136,"Danish","Spanish"
"da","eu",0.294962120176952,"Indo-European","Basque",1049,"Danish","Basque"
"da","fr",0.3309973488075,"Indo-European","Indo-European",1142,"Danish","French"
"da","he",0.238830367850628,"Indo-European","Afro-Asiatic",1014,"Danish","Hebrew"
"da","it",0.34719262382478,"Indo-European","Indo-European",1079,"Danish","Italian"
"da","ja",0.228593729521613,"Indo-European","Japonic",883,"Danish","Japanese"
"da","ka",0.294380148645455,"Indo-European","Kartvelian",981,"Danish","Georgian"
"da","kk",0.253431189195861,"Indo-European","Turkic",1089,"Danish","Kazakh"
"da","ko",0.252402852267578,"Indo-European","Koreanic",776,"Danish","Korean"
"da","nl",0.35533014152846,"Indo-European","Indo-European",1153,"Danish","Dutch"
"da","pt",0.32520141612607,"Indo-European","Indo-European",1145,"Danish","Portuguese"
"da","ro",0.29023804380776,"Indo-European","Indo-European",1186,"Danish","Romanian"
"da","ta",0.278987204168912,"Indo-European","Dravidian",734,"Danish","Tamil"
"da","tr",0.302602238425358,"Indo-European","Turkic",1144,"Danish","Turkish"
"da","uz",0.25171298524263,"Indo-European","Turkic",520,"Danish","Uzbek"
"da","zh",0.236576600953521,"Indo-European","Sino-Tibetan",951,"Danish","Chinese"
"de","ar",0.263127821810756,"Indo-European","Afro-Asiatic",536,"German","Arabic"
"de","az",0.294957184414254,"Indo-European","Turkic",428,"German","Azerbaijani"
"de","ca",0.339040382404636,"Indo-European","Indo-European",470,"German","Catalan"
"de","en",0.355759551651534,"Indo-European","Indo-European",481,"German","English"
"de","es",0.351378762600145,"Indo-European","Indo-European",580,"German","Spanish"
"de","eu",0.279874260721131,"Indo-European","Basque",472,"German","Basque"
"de","fr",0.337239901292323,"Indo-European","Indo-European",548,"German","French"
"de","he",0.242985534359822,"Indo-European","Afro-Asiatic",505,"German","Hebrew"
"de","it",0.350924760220507,"Indo-European","Indo-European",528,"German","Italian"
"de","ja",0.239816717416653,"Indo-European","Japonic",373,"German","Japanese"
"de","ka",0.294875517037527,"Indo-European","Kartvelian",426,"German","Georgian"
"de","kk",0.257320851861536,"Indo-European","Turkic",509,"German","Kazakh"
"de","ko",0.246703776159364,"Indo-European","Koreanic",327,"German","Korean"
"de","nl",0.391140922897537,"Indo-European","Indo-European",593,"German","Dutch"
"de","pt",0.33559969244541,"Indo-European","Indo-European",575,"German","Portuguese"
"de","ro",0.306453296678009,"Indo-European","Indo-European",560,"German","Romanian"
"de","ta",0.274428561792449,"Indo-European","Dravidian",306,"German","Tamil"
"de","tr",0.317051142848803,"Indo-European","Turkic",533,"German","Turkish"
"de","uz",0.273973381618462,"Indo-European","Turkic",156,"German","Uzbek"
"de","zh",0.236633444161238,"Indo-European","Sino-Tibetan",472,"German","Chinese"
"el","ar",0.275565117626613,"Indo-European","Afro-Asiatic",996,"Greek","Arabic"
"el","az",0.282639634632372,"Indo-European","Turkic",942,"Greek","Azerbaijani"
"el","be",0.29427868691199,"Indo-European","Indo-European",914,"Greek","Belarusian"
"el","bg",0.326351894961258,"Indo-European","Indo-European",1021,"Greek","Bulgarian"
"el","ca",0.323614898711312,"Indo-European","Indo-European",942,"Greek","Catalan"
"el","cs",0.345476934272983,"Indo-European","Indo-European",991,"Greek","Czech"
"el","da",0.3012255362107,"Indo-European","Indo-European",934,"Greek","Danish"
"el","de",0.325936567369322,"Indo-European","Indo-European",405,"Greek","German"
"el","en",0.324572196002211,"Indo-European","Indo-European",901,"Greek","English"
"el","es",0.347972104113503,"Indo-European","Indo-European",1058,"Greek","Spanish"
"el","eu",0.276460189667444,"Indo-European","Basque",999,"Greek","Basque"
"el","fr",0.324961462975823,"Indo-European","Indo-European",1068,"Greek","French"
"el","he",0.241453998386327,"Indo-European","Afro-Asiatic",937,"Greek","Hebrew"
"el","hr",0.303511596288375,"Indo-European","Indo-European",1052,"Greek","Croatian"
"el","it",0.330524945456751,"Indo-European","Indo-European",1014,"Greek","Italian"
"el","ja",0.220793684432452,"Indo-European","Japonic",828,"Greek","Japanese"
"el","ka",0.280084705592256,"Indo-European","Kartvelian",956,"Greek","Georgian"
"el","kk",0.252330836881747,"Indo-European","Turkic",1020,"Greek","Kazakh"
"el","ko",0.25374766852227,"Indo-European","Koreanic",763,"Greek","Korean"
"el","lt",0.309163475989737,"Indo-European","Indo-European",1073,"Greek","Lithuanian"
"el","nl",0.312181917559765,"Indo-European","Indo-European",1063,"Greek","Dutch"
"el","no",0.300870407008933,"Indo-European","Indo-European",966,"Greek","Norwegian (Bokmål)"
"el","pl",0.338097582844665,"Indo-European","Indo-European",985,"Greek","Polish"
"el","pt",0.326089189650454,"Indo-European","Indo-European",1087,"Greek","Portuguese"
"el","ro",0.286560525103811,"Indo-European","Indo-European",1114,"Greek","Romanian"
"el","ru",0.339972870289955,"Indo-European","Indo-European",943,"Greek","Russian"
"el","sk",0.297428951688835,"Indo-European","Indo-European",1040,"Greek","Slovak"
"el","sv",0.289532438414666,"Indo-European","Indo-European",1014,"Greek","Swedish"
"el","ta",0.281985458988473,"Indo-European","Dravidian",733,"Greek","Tamil"
"el","tr",0.301547694554143,"Indo-European","Turkic",1068,"Greek","Turkish"
"el","uk",0.33480286915169,"Indo-European","Indo-European",949,"Greek","Ukrainian"
"el","uz",0.251042109674522,"Indo-European","Turkic",545,"Greek","Uzbek"
"el","zh",0.217931072584208,"Indo-European","Sino-Tibetan",887,"Greek","Chinese"
"en","ar",0.278210606644379,"Indo-European","Afro-Asiatic",1016,"English","Arabic"
"en","az",0.283092975269963,"Indo-European","Turkic",921,"English","Azerbaijani"
"en","ca",0.345531819864971,"Indo-European","Indo-European",964,"English","Catalan"
"en","es",0.380600658513539,"Indo-European","Indo-European",1096,"English","Spanish"
"en","eu",0.294299287069022,"Indo-European","Basque",992,"English","Basque"
"en","fr",0.353804383891463,"Indo-European","Indo-European",1088,"English","French"
"en","he",0.247037998792001,"Indo-European","Afro-Asiatic",972,"English","Hebrew"
"en","it",0.358039927130034,"Indo-European","Indo-European",1034,"English","Italian"
"en","ja",0.226009589408683,"Indo-European","Japonic",844,"English","Japanese"
"en","ka",0.291077574119478,"Indo-European","Kartvelian",918,"English","Georgian"
"en","kk",0.264558915188439,"Indo-European","Turkic",1023,"English","Kazakh"
"en","ko",0.246613267894464,"Indo-European","Koreanic",741,"English","Korean"
"en","pt",0.356650321629236,"Indo-European","Indo-European",1113,"English","Portuguese"
"en","ro",0.298680845232959,"Indo-European","Indo-European",1129,"English","Romanian"
"en","ta",0.293374934514937,"Indo-European","Dravidian",709,"English","Tamil"
"en","tr",0.324510189914822,"Indo-European","Turkic",1080,"English","Turkish"
"en","uz",0.250798801167484,"Indo-European","Turkic",495,"English","Uzbek"
"en","zh",0.230831162490495,"Indo-European","Sino-Tibetan",911,"English","Chinese"
"es","ar",0.304195311934453,"Indo-European","Afro-Asiatic",1234,"Spanish","Arabic"
"es","az",0.314296479076587,"Indo-European","Turkic",1081,"Spanish","Azerbaijani"
"es","eu",0.323608912877533,"Indo-European","Basque",1182,"Spanish","Basque"
"es","he",0.27356224403505,"Indo-European","Afro-Asiatic",1155,"Spanish","Hebrew"
"es","it",0.404306713585986,"Indo-European","Indo-European",1269,"Spanish","Italian"
"es","ja",0.277284969349979,"Indo-European","Japonic",1014,"Spanish","Japanese"
"es","ka",0.31330380099951,"Indo-European","Kartvelian",1077,"Spanish","Georgian"
"es","kk",0.293949660162633,"Indo-European","Turkic",1210,"Spanish","Kazakh"
"es","ko",0.280122419035549,"Indo-European","Koreanic",871,"Spanish","Korean"
"es","pt",0.405314059740182,"Indo-European","Indo-European",1393,"Spanish","Portuguese"
"es","ro",0.329604464493661,"Indo-European","Indo-European",1353,"Spanish","Romanian"
"es","ta",0.317354522251107,"Indo-European","Dravidian",822,"Spanish","Tamil"
"es","tr",0.341075822268138,"Indo-European","Turkic",1296,"Spanish","Turkish"
"es","uz",0.293533869396078,"Indo-European","Turkic",568,"Spanish","Uzbek"
"es","zh",0.272384655443165,"Indo-European","Sino-Tibetan",1089,"Spanish","Chinese"
"et","ar",0.25803913439264,"Uralic","Afro-Asiatic",1086,"Estonian","Arabic"
"et","az",0.267904931394106,"Uralic","Turkic",992,"Estonian","Azerbaijani"
"et","be",0.298302754424791,"Uralic","Indo-European",991,"Estonian","Belarusian"
"et","bg",0.305881104622907,"Uralic","Indo-European",1086,"Estonian","Bulgarian"
"et","ca",0.310122635752511,"Uralic","Indo-European",1018,"Estonian","Catalan"
"et","cs",0.336955802725127,"Uralic","Indo-European",1081,"Estonian","Czech"
"et","da",0.300315925667211,"Uralic","Indo-European",1040,"Estonian","Danish"
"et","de",0.315149347588592,"Uralic","Indo-European",479,"Estonian","German"
"et","el",0.280139870095956,"Uralic","Indo-European",989,"Estonian","Greek"
"et","en",0.294285690322999,"Uralic","Indo-European",978,"Estonian","English"
"et","es",0.328444764165476,"Uralic","Indo-European",1149,"Estonian","Spanish"
"et","eu",0.279955827997389,"Uralic","Basque",1072,"Estonian","Basque"
"et","fa",0.317063467654621,"Uralic","Indo-European",982,"Estonian","Persian"
"et","fr",0.311109374819369,"Uralic","Indo-European",1148,"Estonian","French"
"et","he",0.229326893867544,"Uralic","Afro-Asiatic",1025,"Estonian","Hebrew"
"et","hi",0.291474497805302,"Uralic","Indo-European",1230,"Estonian","Hindi"
"et","hr",0.293027225065435,"Uralic","Indo-European",1151,"Estonian","Croatian"
"et","hu",0.320525265943134,"Uralic","Uralic",1238,"Estonian","Hungarian"
"et","hy",0.272239678023672,"Uralic","Indo-European",1027,"Estonian","Armenian"
"et","it",0.318222085789419,"Uralic","Indo-European",1096,"Estonian","Italian"
"et","ja",0.214486858169521,"Uralic","Japonic",896,"Estonian","Japanese"
"et","ka",0.28027045652128,"Uralic","Kartvelian",1021,"Estonian","Georgian"
"et","kk",0.25479948233325,"Uralic","Turkic",1103,"Estonian","Kazakh"
"et","ko",0.228923474445192,"Uralic","Koreanic",808,"Estonian","Korean"
"et","lt",0.309334590245243,"Uralic","Indo-European",1198,"Estonian","Lithuanian"
"et","nl",0.305703710734496,"Uralic","Indo-European",1173,"Estonian","Dutch"
"et","no",0.287377869683114,"Uralic","Indo-European",1069,"Estonian","Norwegian (Bokmål)"
"et","pl",0.32307792912524,"Uralic","Indo-European",1060,"Estonian","Polish"
"et","pt",0.302069545534285,"Uralic","Indo-European",1155,"Estonian","Portuguese"
"et","ro",0.275895483639481,"Uralic","Indo-European",1205,"Estonian","Romanian"
"et","ru",0.326271717533917,"Uralic","Indo-European",1034,"Estonian","Russian"
"et","sk",0.301087643204111,"Uralic","Indo-European",1111,"Estonian","Slovak"
"et","sv",0.280056091351644,"Uralic","Indo-European",1119,"Estonian","Swedish"
"et","ta",0.268609791856624,"Uralic","Dravidian",763,"Estonian","Tamil"
"et","tr",0.293726842798635,"Uralic","Turkic",1168,"Estonian","Turkish"
"et","uk",0.327819976188312,"Uralic","Indo-European",1052,"Estonian","Ukrainian"
"et","uz",0.24690493209773,"Uralic","Turkic",553,"Estonian","Uzbek"
"et","zh",0.211035225470216,"Uralic","Sino-Tibetan",969,"Estonian","Chinese"
"eu","ar",0.257256602070082,"Basque","Afro-Asiatic",1098,"Basque","Arabic"
"eu","he",0.224185912888123,"Basque","Afro-Asiatic",1042,"Basque","Hebrew"
"eu","zh",0.214669157360922,"Basque","Sino-Tibetan",984,"Basque","Chinese"
"fa","ar",0.310577443055516,"Indo-European","Afro-Asiatic",1001,"Persian","Arabic"
"fa","az",0.318042713476625,"Indo-European","Turkic",940,"Persian","Azerbaijani"
"fa","be",0.322076241164081,"Indo-European","Indo-European",917,"Persian","Belarusian"
"fa","bg",0.333172060947645,"Indo-European","Indo-European",1034,"Persian","Bulgarian"
"fa","ca",0.347313560218401,"Indo-European","Indo-European",945,"Persian","Catalan"
"fa","cs",0.352335830486452,"Indo-European","Indo-European",1023,"Persian","Czech"
"fa","da",0.330203749109546,"Indo-European","Indo-European",932,"Persian","Danish"
"fa","de",0.360628595214708,"Indo-European","Indo-European",365,"Persian","German"
"fa","el",0.326990001016415,"Indo-European","Indo-European",949,"Persian","Greek"
"fa","en",0.361042720536406,"Indo-European","Indo-European",886,"Persian","English"
"fa","es",0.368015513121594,"Indo-European","Indo-European",1049,"Persian","Spanish"
"fa","eu",0.303276444668917,"Indo-European","Basque",1027,"Persian","Basque"
"fa","fr",0.351290733478608,"Indo-European","Indo-European",1070,"Persian","French"
"fa","he",0.270989488082858,"Indo-European","Afro-Asiatic",940,"Persian","Hebrew"
"fa","hr",0.310583661268541,"Indo-European","Indo-European",1093,"Persian","Croatian"
"fa","hy",0.321216524059706,"Indo-European","Indo-European",951,"Persian","Armenian"
"fa","it",0.348241331710654,"Indo-European","Indo-European",1013,"Persian","Italian"
"fa","ja",0.241122750114772,"Indo-European","Japonic",840,"Persian","Japanese"
"fa","ka",0.307937612126619,"Indo-European","Kartvelian",968,"Persian","Georgian"
"fa","kk",0.288831969549784,"Indo-European","Turkic",1037,"Persian","Kazakh"
"fa","ko",0.27439239299137,"Indo-European","Koreanic",776,"Persian","Korean"
"fa","lt",0.323653082951831,"Indo-European","Indo-European",1074,"Persian","Lithuanian"
"fa","nl",0.336857323345501,"Indo-European","Indo-European",1075,"Persian","Dutch"
"fa","no",0.325433926084349,"Indo-European","Indo-European",964,"Persian","Norwegian (Bokmål)"
"fa","pl",0.343027850898617,"Indo-European","Indo-European",992,"Persian","Polish"
"fa","pt",0.3377610517208,"Indo-European","Indo-European",1080,"Persian","Portuguese"
"fa","ro",0.303605850076897,"Indo-European","Indo-European",1139,"Persian","Romanian"
"fa","ru",0.35758669690867,"Indo-European","Indo-European",943,"Persian","Russian"
"fa","sk",0.317371446301522,"Indo-European","Indo-European",1048,"Persian","Slovak"
"fa","sv",0.311753160431817,"Indo-European","Indo-European",1018,"Persian","Swedish"
"fa","ta",0.293065523693947,"Indo-European","Dravidian",740,"Persian","Tamil"
"fa","tr",0.343656106555648,"Indo-European","Turkic",1095,"Persian","Turkish"
"fa","uk",0.35494210644429,"Indo-European","Indo-European",960,"Persian","Ukrainian"
"fa","uz",0.272850185241583,"Indo-European","Turkic",591,"Persian","Uzbek"
"fa","zh",0.256623007860895,"Indo-European","Sino-Tibetan",885,"Persian","Chinese"
"fi","ar",0.2766754354402,"Uralic","Afro-Asiatic",1222,"Finnish","Arabic"
"fi","az",0.286813473841895,"Uralic","Turkic",1100,"Finnish","Azerbaijani"
"fi","be",0.313772310171191,"Uralic","Indo-European",1086,"Finnish","Belarusian"
"fi","bg",0.320339740505031,"Uralic","Indo-European",1193,"Finnish","Bulgarian"
"fi","ca",0.325360921285543,"Uralic","Indo-European",1145,"Finnish","Catalan"
"fi","cs",0.357611387457698,"Uralic","Indo-European",1218,"Finnish","Czech"
"fi","da",0.322249577593109,"Uralic","Indo-European",1171,"Finnish","Danish"
"fi","de",0.334607141279399,"Uralic","Indo-European",573,"Finnish","German"
"fi","el",0.313410394874953,"Uralic","Indo-European",1062,"Finnish","Greek"
"fi","en",0.329356844339418,"Uralic","Indo-European",1103,"Finnish","English"
"fi","es",0.355993589118107,"Uralic","Indo-European",1311,"Finnish","Spanish"
"fi","et",0.328421433391069,"Uralic","Uralic",1187,"Finnish","Estonian"
"fi","eu",0.295911877381987,"Uralic","Basque",1190,"Finnish","Basque"
"fi","fa",0.336080007541397,"Uralic","Indo-European",1071,"Finnish","Persian"
"fi","fr",0.326216135593639,"Uralic","Indo-European",1298,"Finnish","French"
"fi","he",0.25162765425669,"Uralic","Afro-Asiatic",1157,"Finnish","Hebrew"
"fi","hi",0.301179079693767,"Uralic","Indo-European",1358,"Finnish","Hindi"
"fi","hr",0.310363042273934,"Uralic","Indo-European",1270,"Finnish","Croatian"
"fi","hu",0.339029884172411,"Uralic","Uralic",1378,"Finnish","Hungarian"
"fi","hy",0.287266269535739,"Uralic","Indo-European",1138,"Finnish","Armenian"
"fi","it",0.338820302984571,"Uralic","Indo-European",1249,"Finnish","Italian"
"fi","ja",0.229201773634901,"Uralic","Japonic",1010,"Finnish","Japanese"
"fi","ka",0.303885384771088,"Uralic","Kartvelian",1105,"Finnish","Georgian"
"fi","kk",0.264924723562545,"Uralic","Turkic",1243,"Finnish","Kazakh"
"fi","ko",0.25734069777084,"Uralic","Koreanic",884,"Finnish","Korean"
"fi","lt",0.322283095067107,"Uralic","Indo-European",1349,"Finnish","Lithuanian"
"fi","nl",0.330822209010654,"Uralic","Indo-European",1317,"Finnish","Dutch"
"fi","no",0.32274410652245,"Uralic","Indo-European",1207,"Finnish","Norwegian (Bokmål)"
"fi","pl",0.342428155094183,"Uralic","Indo-European",1193,"Finnish","Polish"
"fi","pt",0.320048301442643,"Uralic","Indo-European",1329,"Finnish","Portuguese"
"fi","ro",0.288435886156538,"Uralic","Indo-European",1351,"Finnish","Romanian"
"fi","ru",0.350620540835523,"Uralic","Indo-European",1169,"Finnish","Russian"
"fi","sk",0.314246673053678,"Uralic","Indo-European",1221,"Finnish","Slovak"
"fi","sv",0.305471723268052,"Uralic","Indo-European",1268,"Finnish","Swedish"
"fi","ta",0.291094309036918,"Uralic","Dravidian",848,"Finnish","Tamil"
"fi","tr",0.309578777501504,"Uralic","Turkic",1311,"Finnish","Turkish"
"fi","uk",0.349697612286276,"Uralic","Indo-European",1176,"Finnish","Ukrainian"
"fi","uz",0.263240348969977,"Uralic","Turkic",587,"Finnish","Uzbek"
"fi","zh",0.230458680287678,"Uralic","Sino-Tibetan",1090,"Finnish","Chinese"
"fr","ar",0.291615485333024,"Indo-European","Afro-Asiatic",1215,"French","Arabic"
"fr","az",0.295907551248301,"Indo-European","Turkic",1070,"French","Azerbaijani"
"fr","ca",0.379876923886254,"Indo-European","Indo-European",1180,"French","Catalan"
"fr","es",0.393882625317695,"Indo-European","Indo-European",1331,"French","Spanish"
"fr","eu",0.30025856953031,"Indo-European","Basque",1177,"French","Basque"
"fr","he",0.261795040783881,"Indo-European","Afro-Asiatic",1135,"French","Hebrew"
"fr","it",0.390453544412481,"Indo-European","Indo-European",1267,"French","Italian"
"fr","ja",0.250821403765023,"Indo-European","Japonic",1002,"French","Japanese"
"fr","ka",0.301243478901977,"Indo-European","Kartvelian",1075,"French","Georgian"
"fr","kk",0.271815728940448,"Indo-European","Turkic",1204,"French","Kazakh"
"fr","ko",0.266271880082405,"Indo-European","Koreanic",869,"French","Korean"
"fr","pt",0.36743494526873,"Indo-European","Indo-European",1364,"French","Portuguese"
"fr","ro",0.311304512319726,"Indo-European","Indo-European",1362,"French","Romanian"
"fr","ta",0.290119100800595,"Indo-European","Dravidian",823,"French","Tamil"
"fr","tr",0.315195196357835,"Indo-European","Turkic",1280,"French","Turkish"
"fr","uz",0.280750386000584,"Indo-European","Turkic",583,"French","Uzbek"
"fr","zh",0.250813317634534,"Indo-European","Sino-Tibetan",1075,"French","Chinese"
"he","zh",0.164875354731322,"Afro-Asiatic","Sino-Tibetan",960,"Hebrew","Chinese"
"hi","ar",0.274604107794121,"Indo-European","Afro-Asiatic",1261,"Hindi","Arabic"
"hi","az",0.286694258901642,"Indo-European","Turkic",1171,"Hindi","Azerbaijani"
"hi","be",0.288721046739064,"Indo-European","Indo-European",1145,"Hindi","Belarusian"
"hi","bg",0.297886017991128,"Indo-European","Indo-European",1271,"Hindi","Bulgarian"
"hi","ca",0.305261254864511,"Indo-European","Indo-European",1189,"Hindi","Catalan"
"hi","cs",0.318113055707491,"Indo-European","Indo-European",1251,"Hindi","Czech"
"hi","da",0.298034591830941,"Indo-European","Indo-European",1179,"Hindi","Danish"
"hi","de",0.312397363855622,"Indo-European","Indo-European",437,"Hindi","German"
"hi","el",0.290811115483476,"Indo-European","Indo-European",1177,"Hindi","Greek"
"hi","en",0.302380107071778,"Indo-European","Indo-European",1122,"Hindi","English"
"hi","es",0.31786278098024,"Indo-European","Indo-European",1336,"Hindi","Spanish"
"hi","eu",0.285929501465859,"Indo-European","Basque",1274,"Hindi","Basque"
"hi","fa",0.32018269544319,"Indo-European","Indo-European",1244,"Hindi","Persian"
"hi","fr",0.302317972694155,"Indo-European","Indo-European",1351,"Hindi","French"
"hi","he",0.24685951717971,"Indo-European","Afro-Asiatic",1177,"Hindi","Hebrew"
"hi","hr",0.284800194934505,"Indo-European","Indo-European",1334,"Hindi","Croatian"
"hi","hy",0.288662696437237,"Indo-European","Indo-European",1203,"Hindi","Armenian"
"hi","it",0.309392985842081,"Indo-European","Indo-European",1272,"Hindi","Italian"
"hi","ja",0.226464406351219,"Indo-European","Japonic",1083,"Hindi","Japanese"
"hi","ka",0.289900611761265,"Indo-European","Kartvelian",1194,"Hindi","Georgian"
"hi","kk",0.263325677550168,"Indo-European","Turkic",1316,"Hindi","Kazakh"
"hi","ko",0.265750302547311,"Indo-European","Koreanic",968,"Hindi","Korean"
"hi","lt",0.295481436815272,"Indo-European","Indo-European",1342,"Hindi","Lithuanian"
"hi","nl",0.303590166233599,"Indo-European","Indo-European",1327,"Hindi","Dutch"
"hi","no",0.29047481771909,"Indo-European","Indo-European",1229,"Hindi","Norwegian (Bokmål)"
"hi","pl",0.307491426914861,"Indo-European","Indo-European",1242,"Hindi","Polish"
"hi","pt",0.294208935321347,"Indo-European","Indo-European",1367,"Hindi","Portuguese"
"hi","ro",0.270637129902856,"Indo-European","Indo-European",1423,"Hindi","Romanian"
"hi","ru",0.316759470283819,"Indo-European","Indo-European",1193,"Hindi","Russian"
"hi","sk",0.284480536891872,"Indo-European","Indo-European",1282,"Hindi","Slovak"
"hi","sl",0.223467748620749,"Indo-European","Indo-European",107,"Hindi","Slovenian"
"hi","sv",0.285159575967768,"Indo-European","Indo-European",1278,"Hindi","Swedish"
"hi","ta",0.284075461320869,"Indo-European","Dravidian",930,"Hindi","Tamil"
"hi","tr",0.301006777089214,"Indo-European","Turkic",1376,"Hindi","Turkish"
"hi","uk",0.314410537488981,"Indo-European","Indo-European",1200,"Hindi","Ukrainian"
"hi","uz",0.286084408394326,"Indo-European","Turkic",719,"Hindi","Uzbek"
"hi","zh",0.231026316573255,"Indo-European","Sino-Tibetan",1117,"Hindi","Chinese"
"hr","ar",0.269211437970434,"Indo-European","Afro-Asiatic",1180,"Croatian","Arabic"
"hr","az",0.268917085657704,"Indo-European","Turkic",1063,"Croatian","Azerbaijani"
"hr","be",0.309824750041081,"Indo-European","Indo-European",1072,"Croatian","Belarusian"
"hr","ca",0.310230458465117,"Indo-European","Indo-European",1113,"Croatian","Catalan"
"hr","cs",0.341587347682887,"Indo-European","Indo-European",1208,"Croatian","Czech"
"hr","da",0.292960832874617,"Indo-European","Indo-European",1120,"Croatian","Danish"
"hr","de",0.326616206164358,"Indo-European","Indo-European",518,"Croatian","German"
"hr","en",0.28943902188428,"Indo-European","Indo-European",1049,"Croatian","English"
"hr","es",0.321277388420529,"Indo-European","Indo-European",1252,"Croatian","Spanish"
"hr","eu",0.282855759802087,"Indo-European","Basque",1175,"Croatian","Basque"
"hr","fr",0.308069875677211,"Indo-European","Indo-European",1258,"Croatian","French"
"hr","he",0.238989962728714,"Indo-European","Afro-Asiatic",1112,"Croatian","Hebrew"
"hr","it",0.320968071823826,"Indo-European","Indo-European",1170,"Croatian","Italian"
"hr","ja",0.215955275385078,"Indo-European","Japonic",979,"Croatian","Japanese"
"hr","ka",0.28648193420739,"Indo-European","Kartvelian",1102,"Croatian","Georgian"
"hr","kk",0.259078526001323,"Indo-European","Turkic",1208,"Croatian","Kazakh"
"hr","ko",0.23935227222628,"Indo-European","Koreanic",877,"Croatian","Korean"
"hr","lt",0.302522389427404,"Indo-European","Indo-European",1300,"Croatian","Lithuanian"
"hr","nl",0.301736152225757,"Indo-European","Indo-European",1273,"Croatian","Dutch"
"hr","no",0.29105516826695,"Indo-European","Indo-European",1159,"Croatian","Norwegian (Bokmål)"
"hr","pl",0.332339522300376,"Indo-European","Indo-European",1193,"Croatian","Polish"
"hr","pt",0.300202889151134,"Indo-European","Indo-European",1269,"Croatian","Portuguese"
"hr","ro",0.275213968574462,"Indo-European","Indo-European",1332,"Croatian","Romanian"
"hr","ru",0.34797792867933,"Indo-European","Indo-European",1120,"Croatian","Russian"
"hr","sk",0.311597346786844,"Indo-European","Indo-European",1243,"Croatian","Slovak"
"hr","sv",0.274852255353851,"Indo-European","Indo-European",1219,"Croatian","Swedish"
"hr","ta",0.272073987548631,"Indo-European","Dravidian",828,"Croatian","Tamil"
"hr","tr",0.291946788657542,"Indo-European","Turkic",1267,"Croatian","Turkish"
"hr","uk",0.346854027888227,"Indo-European","Indo-European",1136,"Croatian","Ukrainian"
"hr","uz",0.267387087065324,"Indo-European","Turkic",613,"Croatian","Uzbek"
"hr","zh",0.226112272977321,"Indo-European","Sino-Tibetan",1046,"Croatian","Chinese"
"hu","ar",0.288897209648104,"Uralic","Afro-Asiatic",1271,"Hungarian","Arabic"
"hu","az",0.293551099492447,"Uralic","Turkic",1121,"Hungarian","Azerbaijani"
"hu","be",0.317516455158524,"Uralic","Indo-European",1116,"Hungarian","Belarusian"
"hu","bg",0.328330655265224,"Uralic","Indo-European",1214,"Hungarian","Bulgarian"
"hu","ca",0.331918488539607,"Uralic","Indo-European",1185,"Hungarian","Catalan"
"hu","cs",0.360771814093109,"Uralic","Indo-European",1250,"Hungarian","Czech"
"hu","da",0.328389917730421,"Uralic","Indo-European",1204,"Hungarian","Danish"
"hu","de",0.349375221116665,"Uralic","Indo-European",614,"Hungarian","German"
"hu","el",0.325170362488598,"Uralic","Indo-European",1095,"Hungarian","Greek"
"hu","en",0.331908252572981,"Uralic","Indo-European",1138,"Hungarian","English"
"hu","es",0.359066852097705,"Uralic","Indo-European",1355,"Hungarian","Spanish"
"hu","eu",0.303573530446639,"Uralic","Basque",1240,"Hungarian","Basque"
"hu","fa",0.335606812652829,"Uralic","Indo-European",1093,"Hungarian","Persian"
"hu","fr",0.340426417392735,"Uralic","Indo-European",1333,"Hungarian","French"
"hu","he",0.268047292984332,"Uralic","Afro-Asiatic",1200,"Hungarian","Hebrew"
"hu","hi",0.305619423692836,"Uralic","Indo-European",1372,"Hungarian","Hindi"
"hu","hr",0.312924406057155,"Uralic","Indo-European",1299,"Hungarian","Croatian"
"hu","hy",0.302556409933716,"Uralic","Indo-European",1164,"Hungarian","Armenian"
"hu","it",0.348344590686485,"Uralic","Indo-European",1275,"Hungarian","Italian"
"hu","ja",0.238360320927734,"Uralic","Japonic",1035,"Hungarian","Japanese"
"hu","ka",0.307180408056358,"Uralic","Kartvelian",1149,"Hungarian","Georgian"
"hu","kk",0.276607017810056,"Uralic","Turkic",1267,"Hungarian","Kazakh"
"hu","ko",0.257496612595527,"Uralic","Koreanic",911,"Hungarian","Korean"
"hu","lt",0.323023047115385,"Uralic","Indo-European",1386,"Hungarian","Lithuanian"
"hu","nl",0.336158829769074,"Uralic","Indo-European",1374,"Hungarian","Dutch"
"hu","no",0.326488065827286,"Uralic","Indo-European",1236,"Hungarian","Norwegian (Bokmål)"
"hu","pl",0.352265177407001,"Uralic","Indo-European",1220,"Hungarian","Polish"
"hu","pt",0.334323830265542,"Uralic","Indo-European",1351,"Hungarian","Portuguese"
"hu","ro",0.307833944734123,"Uralic","Indo-European",1390,"Hungarian","Romanian"
"hu","ru",0.351491666702608,"Uralic","Indo-European",1209,"Hungarian","Russian"
"hu","sk",0.325261983762619,"Uralic","Indo-European",1254,"Hungarian","Slovak"
"hu","sv",0.312481636356604,"Uralic","Indo-European",1313,"Hungarian","Swedish"
"hu","ta",0.293505330639131,"Uralic","Dravidian",857,"Hungarian","Tamil"
"hu","tr",0.322875263463988,"Uralic","Turkic",1339,"Hungarian","Turkish"
"hu","uk",0.348554036813919,"Uralic","Indo-European",1216,"Hungarian","Ukrainian"
"hu","uz",0.288906741350147,"Uralic","Turkic",602,"Hungarian","Uzbek"
"hu","zh",0.240774983641726,"Uralic","Sino-Tibetan",1133,"Hungarian","Chinese"
"hy","ar",0.256857233348979,"Indo-European","Afro-Asiatic",1060,"Armenian","Arabic"
"hy","az",0.27529594425546,"Indo-European","Turkic",968,"Armenian","Azerbaijani"
"hy","be",0.298971438530929,"Indo-European","Indo-European",955,"Armenian","Belarusian"
"hy","bg",0.289338975910751,"Indo-European","Indo-European",1057,"Armenian","Bulgarian"
"hy","ca",0.303348035717846,"Indo-European","Indo-European",990,"Armenian","Catalan"
"hy","cs",0.31466000365404,"Indo-European","Indo-European",1043,"Armenian","Czech"
"hy","da",0.282185186874714,"Indo-European","Indo-European",997,"Armenian","Danish"
"hy","de",0.298720099947933,"Indo-European","Indo-European",472,"Armenian","German"
"hy","el",0.277490264041585,"Indo-European","Indo-European",940,"Armenian","Greek"
"hy","en",0.288663428415467,"Indo-European","Indo-European",950,"Armenian","English"
"hy","es",0.315068979164136,"Indo-European","Indo-European",1133,"Armenian","Spanish"
"hy","eu",0.271837683858384,"Indo-European","Basque",1045,"Armenian","Basque"
"hy","fr",0.301002383767585,"Indo-European","Indo-European",1121,"Armenian","French"
"hy","he",0.219453378565735,"Indo-European","Afro-Asiatic",1002,"Armenian","Hebrew"
"hy","hr",0.281990166482816,"Indo-European","Indo-European",1116,"Armenian","Croatian"
"hy","it",0.316060275549475,"Indo-European","Indo-European",1060,"Armenian","Italian"
"hy","ja",0.200038399918414,"Indo-European","Japonic",879,"Armenian","Japanese"
"hy","ka",0.278233738322808,"Indo-European","Kartvelian",978,"Armenian","Georgian"
"hy","kk",0.251493781499736,"Indo-European","Turkic",1081,"Armenian","Kazakh"
"hy","ko",0.236905203492428,"Indo-European","Koreanic",775,"Armenian","Korean"
"hy","lt",0.299919511273415,"Indo-European","Indo-European",1160,"Armenian","Lithuanian"
"hy","nl",0.291634264832919,"Indo-European","Indo-European",1127,"Armenian","Dutch"
"hy","no",0.276286909349666,"Indo-European","Indo-European",1035,"Armenian","Norwegian (Bokmål)"
"hy","pl",0.313581807639576,"Indo-European","Indo-European",1038,"Armenian","Polish"
"hy","pt",0.293772234522517,"Indo-European","Indo-European",1132,"Armenian","Portuguese"
"hy","ro",0.273256402012538,"Indo-European","Indo-European",1168,"Armenian","Romanian"
"hy","ru",0.31368164880681,"Indo-European","Indo-European",1007,"Armenian","Russian"
"hy","sk",0.289363393035481,"Indo-European","Indo-European",1075,"Armenian","Slovak"
"hy","sv",0.272438630384664,"Indo-European","Indo-European",1074,"Armenian","Swedish"
"hy","ta",0.237674479956847,"Indo-European","Dravidian",741,"Armenian","Tamil"
"hy","tr",0.293097076980686,"Indo-European","Turkic",1146,"Armenian","Turkish"
"hy","uk",0.315760559686833,"Indo-European","Indo-European",1019,"Armenian","Ukrainian"
"hy","uz",0.248176624798848,"Indo-European","Turkic",536,"Armenian","Uzbek"
"hy","zh",0.203088886711587,"Indo-European","Sino-Tibetan",948,"Armenian","Chinese"
"it","ar",0.301615711292263,"Indo-European","Afro-Asiatic",1158,"Italian","Arabic"
"it","az",0.295738910686843,"Indo-European","Turkic",1024,"Italian","Azerbaijani"
"it","eu",0.309844083758869,"Indo-European","Basque",1116,"Italian","Basque"
"it","he",0.264048325815923,"Indo-European","Afro-Asiatic",1084,"Italian","Hebrew"
"it","ja",0.259875400925759,"Indo-European","Japonic",949,"Italian","Japanese"
"it","ka",0.311492821563362,"Indo-European","Kartvelian",1031,"Italian","Georgian"
"it","kk",0.28321912592076,"Indo-European","Turkic",1142,"Italian","Kazakh"
"it","ko",0.276684514495649,"Indo-European","Koreanic",823,"Italian","Korean"
"it","ro",0.315291375887527,"Indo-European","Indo-European",1295,"Italian","Romanian"
"it","ta",0.299507320746959,"Indo-European","Dravidian",793,"Italian","Tamil"
"it","tr",0.328847126685385,"Indo-European","Turkic",1216,"Italian","Turkish"
"it","uz",0.27344067724921,"Indo-European","Turkic",550,"Italian","Uzbek"
"it","zh",0.267980437527074,"Indo-European","Sino-Tibetan",1023,"Italian","Chinese"
"ja","ar",0.186266345089342,"Japonic","Afro-Asiatic",956,"Japanese","Arabic"
"ja","eu",0.202384045897033,"Japonic","Basque",926,"Japanese","Basque"
"ja","he",0.171971814055617,"Japonic","Afro-Asiatic",900,"Japanese","Hebrew"
"ja","ka",0.193200244787626,"Japonic","Kartvelian",857,"Japanese","Georgian"
"ja","ta",0.181249327184481,"Japonic","Dravidian",662,"Japanese","Tamil"
"ja","zh",0.188476738062027,"Japonic","Sino-Tibetan",854,"Japanese","Chinese"
"ka","ar",0.253678934318558,"Kartvelian","Afro-Asiatic",1023,"Georgian","Arabic"
"ka","eu",0.272810970497877,"Kartvelian","Basque",1042,"Georgian","Basque"
"ka","he",0.229871595349267,"Kartvelian","Afro-Asiatic",965,"Georgian","Hebrew"
"ka","zh",0.206101068662418,"Kartvelian","Sino-Tibetan",910,"Georgian","Chinese"
"kk","ar",0.244704125133607,"Turkic","Afro-Asiatic",1139,"Kazakh","Arabic"
"kk","eu",0.250234594307326,"Turkic","Basque",1147,"Kazakh","Basque"
"kk","he",0.212115952989471,"Turkic","Afro-Asiatic",1090,"Kazakh","Hebrew"
"kk","ja",0.187801767564399,"Turkic","Japonic",954,"Kazakh","Japanese"
"kk","ka",0.248043032874294,"Turkic","Kartvelian",1051,"Kazakh","Georgian"
"kk","ko",0.218674982074327,"Turkic","Koreanic",845,"Kazakh","Korean"
"kk","ta",0.233566769530477,"Turkic","Dravidian",804,"Kazakh","Tamil"
"kk","zh",0.19239918211664,"Turkic","Sino-Tibetan",1022,"Kazakh","Chinese"
"ko","ar",0.223137665189436,"Koreanic","Afro-Asiatic",820,"Korean","Arabic"
"ko","eu",0.248116186322558,"Koreanic","Basque",809,"Korean","Basque"
"ko","he",0.187633116482206,"Koreanic","Afro-Asiatic",774,"Korean","Hebrew"
"ko","ja",0.182971536089786,"Koreanic","Japonic",709,"Korean","Japanese"
"ko","ka",0.23581903674661,"Koreanic","Kartvelian",785,"Korean","Georgian"
"ko","ta",0.203375578559105,"Koreanic","Dravidian",600,"Korean","Tamil"
"ko","zh",0.166542063553145,"Koreanic","Sino-Tibetan",730,"Korean","Chinese"
"lt","ar",0.27845194037388,"Indo-European","Afro-Asiatic",1237,"Lithuanian","Arabic"
"lt","az",0.2949426823204,"Indo-European","Turkic",1107,"Lithuanian","Azerbaijani"
"lt","ca",0.333488311119024,"Indo-European","Indo-European",1162,"Lithuanian","Catalan"
"lt","da",0.311422495771123,"Indo-European","Indo-European",1175,"Lithuanian","Danish"
"lt","de",0.320657802464194,"Indo-European","Indo-European",599,"Lithuanian","German"
"lt","en",0.307287775229423,"Indo-European","Indo-European",1114,"Lithuanian","English"
"lt","es",0.34012005032595,"Indo-European","Indo-European",1348,"Lithuanian","Spanish"
"lt","eu",0.285145988103052,"Indo-European","Basque",1220,"Lithuanian","Basque"
"lt","fr",0.321783375821274,"Indo-European","Indo-European",1307,"Lithuanian","French"
"lt","he",0.25334555144818,"Indo-European","Afro-Asiatic",1186,"Lithuanian","Hebrew"
"lt","it",0.331244306617579,"Indo-European","Indo-European",1256,"Lithuanian","Italian"
"lt","ja",0.228562685742123,"Indo-European","Japonic",1013,"Lithuanian","Japanese"
"lt","ka",0.292958179041165,"Indo-European","Kartvelian",1103,"Lithuanian","Georgian"
"lt","kk",0.272519523533541,"Indo-European","Turkic",1243,"Lithuanian","Kazakh"
"lt","ko",0.264969811248893,"Indo-European","Koreanic",895,"Lithuanian","Korean"
"lt","nl",0.318168713982494,"Indo-European","Indo-European",1340,"Lithuanian","Dutch"
"lt","no",0.299298078412724,"Indo-European","Indo-European",1216,"Lithuanian","Norwegian (Bokmål)"
"lt","pt",0.320207110721492,"Indo-European","Indo-European",1348,"Lithuanian","Portuguese"
"lt","ro",0.293970176212366,"Indo-European","Indo-European",1366,"Lithuanian","Romanian"
"lt","sv",0.294250978441629,"Indo-European","Indo-European",1282,"Lithuanian","Swedish"
"lt","ta",0.288369594691096,"Indo-European","Dravidian",846,"Lithuanian","Tamil"
"lt","tr",0.306066480441147,"Indo-European","Turkic",1320,"Lithuanian","Turkish"
"lt","uz",0.264187019712868,"Indo-European","Turkic",584,"Lithuanian","Uzbek"
"lt","zh",0.220845192235324,"Indo-European","Sino-Tibetan",1100,"Lithuanian","Chinese"
"nl","ar",0.277537028160037,"Indo-European","Afro-Asiatic",1217,"Dutch","Arabic"
"nl","az",0.280414876973913,"Indo-European","Turkic",1086,"Dutch","Azerbaijani"
"nl","ca",0.340191623311665,"Indo-European","Indo-European",1139,"Dutch","Catalan"
"nl","en",0.35423176795555,"Indo-European","Indo-European",1104,"Dutch","English"
"nl","es",0.359543486251381,"Indo-European","Indo-European",1305,"Dutch","Spanish"
"nl","eu",0.297605378580955,"Indo-European","Basque",1193,"Dutch","Basque"
"nl","fr",0.341025723975598,"Indo-European","Indo-European",1286,"Dutch","French"
"nl","he",0.255404355734147,"Indo-European","Afro-Asiatic",1156,"Dutch","Hebrew"
"nl","it",0.349978707961201,"Indo-European","Indo-European",1231,"Dutch","Italian"
"nl","ja",0.236877805681326,"Indo-European","Japonic",1010,"Dutch","Japanese"
"nl","ka",0.294680873141472,"Indo-European","Kartvelian",1100,"Dutch","Georgian"
"nl","kk",0.272721334201848,"Indo-European","Turkic",1219,"Dutch","Kazakh"
"nl","ko",0.256039408018065,"Indo-European","Koreanic",869,"Dutch","Korean"
"nl","pt",0.330690262959881,"Indo-European","Indo-European",1309,"Dutch","Portuguese"
"nl","ro",0.302666046729798,"Indo-European","Indo-European",1356,"Dutch","Romanian"
"nl","ta",0.289464822386801,"Indo-European","Dravidian",829,"Dutch","Tamil"
"nl","tr",0.308157711548955,"Indo-European","Turkic",1292,"Dutch","Turkish"
"nl","uz",0.268012816839814,"Indo-European","Turkic",593,"Dutch","Uzbek"
"nl","zh",0.250616108136798,"Indo-European","Sino-Tibetan",1083,"Dutch","Chinese"
"no","ar",0.26811199429753,"Indo-European","Afro-Asiatic",1104,"Norwegian (Bokmål)","Arabic"
"no","az",0.270724433822359,"Indo-European","Turkic",981,"Norwegian (Bokmål)","Azerbaijani"
"no","ca",0.322186858377919,"Indo-European","Indo-European",1051,"Norwegian (Bokmål)","Catalan"
"no","da",0.433940977289733,"Indo-European","Indo-European",1118,"Norwegian (Bokmål)","Danish"
"no","de",0.357645783351367,"Indo-European","Indo-European",514,"Norwegian (Bokmål)","German"
"no","en",0.332685899047703,"Indo-European","Indo-European",1012,"Norwegian (Bokmål)","English"
"no","es",0.340107596038325,"Indo-European","Indo-European",1183,"Norwegian (Bokmål)","Spanish"
"no","eu",0.284474763724471,"Indo-European","Basque",1085,"Norwegian (Bokmål)","Basque"
"no","fr",0.318957778913206,"Indo-European","Indo-European",1182,"Norwegian (Bokmål)","French"
"no","he",0.235252075605778,"Indo-European","Afro-Asiatic",1049,"Norwegian (Bokmål)","Hebrew"
"no","it",0.337359591227838,"Indo-European","Indo-European",1114,"Norwegian (Bokmål)","Italian"
"no","ja",0.227750921772812,"Indo-European","Japonic",919,"Norwegian (Bokmål)","Japanese"
"no","ka",0.284623182804119,"Indo-European","Kartvelian",1006,"Norwegian (Bokmål)","Georgian"
"no","kk",0.249858507990675,"Indo-European","Turkic",1119,"Norwegian (Bokmål)","Kazakh"
"no","ko",0.246134228480523,"Indo-European","Koreanic",801,"Norwegian (Bokmål)","Korean"
"no","nl",0.335835856665199,"Indo-European","Indo-European",1201,"Norwegian (Bokmål)","Dutch"
"no","pt",0.317973856418823,"Indo-European","Indo-European",1200,"Norwegian (Bokmål)","Portuguese"
"no","ro",0.283027958714368,"Indo-European","Indo-European",1227,"Norwegian (Bokmål)","Romanian"
"no","sv",0.359697953895044,"Indo-European","Indo-European",1208,"Norwegian (Bokmål)","Swedish"
"no","ta",0.271482014274848,"Indo-European","Dravidian",765,"Norwegian (Bokmål)","Tamil"
"no","tr",0.2958851297399,"Indo-European","Turkic",1177,"Norwegian (Bokmål)","Turkish"
"no","uz",0.248138058774859,"Indo-European","Turkic",540,"Norwegian (Bokmål)","Uzbek"
"no","zh",0.236771082674572,"Indo-European","Sino-Tibetan",988,"Norwegian (Bokmål)","Chinese"
"pl","ar",0.293719872512276,"Indo-European","Afro-Asiatic",1108,"Polish","Arabic"
"pl","az",0.292968473048296,"Indo-European","Turkic",991,"Polish","Azerbaijani"
"pl","be",0.371471457949765,"Indo-European","Indo-European",992,"Polish","Belarusian"
"pl","ca",0.35237366693623,"Indo-European","Indo-European",1053,"Polish","Catalan"
"pl","da",0.337777407549378,"Indo-European","Indo-European",1050,"Polish","Danish"
"pl","de",0.36349334969378,"Indo-European","Indo-European",497,"Polish","German"
"pl","en",0.340679304885966,"Indo-European","Indo-European",999,"Polish","English"
"pl","es",0.372498029622194,"Indo-European","Indo-European",1186,"Polish","Spanish"
"pl","eu",0.303686625905318,"Indo-European","Basque",1081,"Polish","Basque"
"pl","fr",0.355954118854325,"Indo-European","Indo-European",1183,"Polish","French"
"pl","he",0.253848159328982,"Indo-European","Afro-Asiatic",1043,"Polish","Hebrew"
"pl","it",0.357365096842649,"Indo-European","Indo-European",1117,"Polish","Italian"
"pl","ja",0.232398479451113,"Indo-European","Japonic",920,"Polish","Japanese"
"pl","ka",0.311773232968953,"Indo-European","Kartvelian",1012,"Polish","Georgian"
"pl","kk",0.268843759780353,"Indo-European","Turkic",1130,"Polish","Kazakh"
"pl","ko",0.267705168633088,"Indo-European","Koreanic",806,"Polish","Korean"
"pl","lt",0.347190451357279,"Indo-European","Indo-European",1209,"Polish","Lithuanian"
"pl","nl",0.342155111750138,"Indo-European","Indo-European",1192,"Polish","Dutch"
"pl","no",0.3276497192521,"Indo-European","Indo-European",1085,"Polish","Norwegian (Bokmål)"
"pl","pt",0.346730996123145,"Indo-European","Indo-European",1198,"Polish","Portuguese"
"pl","ro",0.309928764688024,"Indo-European","Indo-European",1246,"Polish","Romanian"
"pl","ru",0.427255888489775,"Indo-European","Indo-European",1062,"Polish","Russian"
"pl","sv",0.318847041942629,"Indo-European","Indo-European",1145,"Polish","Swedish"
"pl","ta",0.291352765217134,"Indo-European","Dravidian",770,"Polish","Tamil"
"pl","tr",0.323311649907771,"Indo-European","Turkic",1173,"Polish","Turkish"
"pl","uk",0.421872571915641,"Indo-European","Indo-European",1068,"Polish","Ukrainian"
"pl","uz",0.272982291111979,"Indo-European","Turkic",551,"Polish","Uzbek"
"pl","zh",0.240353355897578,"Indo-European","Sino-Tibetan",986,"Polish","Chinese"
"pt","ar",0.286288101036864,"Indo-European","Afro-Asiatic",1231,"Portuguese","Arabic"
"pt","az",0.297928355953364,"Indo-European","Turkic",1110,"Portuguese","Azerbaijani"
"pt","eu",0.293976937450785,"Indo-European","Basque",1209,"Portuguese","Basque"
"pt","he",0.255450728630661,"Indo-European","Afro-Asiatic",1160,"Portuguese","Hebrew"
"pt","it",0.373543606249207,"Indo-European","Indo-European",1281,"Portuguese","Italian"
"pt","ja",0.247045015482255,"Indo-European","Japonic",1012,"Portuguese","Japanese"
"pt","ka",0.290934222964875,"Indo-European","Kartvelian",1076,"Portuguese","Georgian"
"pt","kk",0.274304999310242,"Indo-European","Turkic",1217,"Portuguese","Kazakh"
"pt","ko",0.261980436709619,"Indo-European","Koreanic",869,"Portuguese","Korean"
"pt","ro",0.302865770202926,"Indo-European","Indo-European",1391,"Portuguese","Romanian"
"pt","ta",0.294879913235459,"Indo-European","Dravidian",845,"Portuguese","Tamil"
"pt","tr",0.313709789973473,"Indo-European","Turkic",1310,"Portuguese","Turkish"
"pt","uz",0.264180768209247,"Indo-European","Turkic",583,"Portuguese","Uzbek"
"pt","zh",0.252608783651654,"Indo-European","Sino-Tibetan",1093,"Portuguese","Chinese"
"ro","ar",0.263403273063001,"Indo-European","Afro-Asiatic",1258,"Romanian","Arabic"
"ro","az",0.264789436836149,"Indo-European","Turkic",1125,"Romanian","Azerbaijani"
"ro","eu",0.27662320605285,"Indo-European","Basque",1227,"Romanian","Basque"
"ro","he",0.229068069112866,"Indo-European","Afro-Asiatic",1183,"Romanian","Hebrew"
"ro","ja",0.21199332164559,"Indo-European","Japonic",1043,"Romanian","Japanese"
"ro","ka",0.280498565875642,"Indo-European","Kartvelian",1134,"Romanian","Georgian"
"ro","kk",0.247239522429704,"Indo-European","Turkic",1269,"Romanian","Kazakh"
"ro","ko",0.238479148275002,"Indo-European","Koreanic",914,"Romanian","Korean"
"ro","ta",0.251789751780639,"Indo-European","Dravidian",870,"Romanian","Tamil"
"ro","tr",0.280506857578679,"Indo-European","Turkic",1343,"Romanian","Turkish"
"ro","uz",0.252078999670037,"Indo-European","Turkic",626,"Romanian","Uzbek"
"ro","zh",0.220302591604362,"Indo-European","Sino-Tibetan",1117,"Romanian","Chinese"
"ru","ar",0.289045728515235,"Indo-European","Afro-Asiatic",1094,"Russian","Arabic"
"ru","az",0.295074053292557,"Indo-European","Turkic",961,"Russian","Azerbaijani"
"ru","ca",0.356895950707174,"Indo-European","Indo-European",1013,"Russian","Catalan"
"ru","da",0.339360852454996,"Indo-European","Indo-European",1026,"Russian","Danish"
"ru","de",0.354853054024237,"Indo-European","Indo-European",515,"Russian","German"
"ru","en",0.347929765298253,"Indo-European","Indo-European",981,"Russian","English"
"ru","es",0.382222523037405,"Indo-European","Indo-European",1163,"Russian","Spanish"
"ru","eu",0.297186704229552,"Indo-European","Basque",1056,"Russian","Basque"
"ru","fr",0.356585447754957,"Indo-European","Indo-European",1145,"Russian","French"
"ru","he",0.261330143331484,"Indo-European","Afro-Asiatic",1034,"Russian","Hebrew"
"ru","it",0.364566484806009,"Indo-European","Indo-European",1095,"Russian","Italian"
"ru","ja",0.244281332729621,"Indo-European","Japonic",906,"Russian","Japanese"
"ru","ka",0.319655760229714,"Indo-European","Kartvelian",977,"Russian","Georgian"
"ru","kk",0.284164414703025,"Indo-European","Turkic",1094,"Russian","Kazakh"
"ru","ko",0.257762669979218,"Indo-European","Koreanic",779,"Russian","Korean"
"ru","lt",0.343677009263675,"Indo-European","Indo-European",1183,"Russian","Lithuanian"
"ru","nl",0.340651760891729,"Indo-European","Indo-European",1166,"Russian","Dutch"
"ru","no",0.328263779171517,"Indo-European","Indo-European",1062,"Russian","Norwegian (Bokmål)"
"ru","pt",0.351603864241376,"Indo-European","Indo-European",1160,"Russian","Portuguese"
"ru","ro",0.308365711557394,"Indo-European","Indo-European",1187,"Russian","Romanian"
"ru","sv",0.312250140415654,"Indo-European","Indo-European",1114,"Russian","Swedish"
"ru","ta",0.286105328800004,"Indo-European","Dravidian",745,"Russian","Tamil"
"ru","tr",0.334781357245509,"Indo-European","Turkic",1146,"Russian","Turkish"
"ru","uz",0.269227308536206,"Indo-European","Turkic",517,"Russian","Uzbek"
"ru","zh",0.240724340058305,"Indo-European","Sino-Tibetan",972,"Russian","Chinese"
"sk","ar",0.274436227492277,"Indo-European","Afro-Asiatic",1124,"Slovak","Arabic"
"sk","az",0.274629156582793,"Indo-European","Turkic",1039,"Slovak","Azerbaijani"
"sk","be",0.334033929345781,"Indo-European","Indo-European",1023,"Slovak","Belarusian"
"sk","ca",0.311634942915679,"Indo-European","Indo-European",1071,"Slovak","Catalan"
"sk","cs",0.400775079710657,"Indo-European","Indo-European",1184,"Slovak","Czech"
"sk","da",0.307314159383159,"Indo-European","Indo-European",1081,"Slovak","Danish"
"sk","de",0.330343321459869,"Indo-European","Indo-European",497,"Slovak","German"
"sk","en",0.304511762782778,"Indo-European","Indo-European",1015,"Slovak","English"
"sk","es",0.330978296028364,"Indo-European","Indo-European",1195,"Slovak","Spanish"
"sk","eu",0.285669592364272,"Indo-European","Basque",1131,"Slovak","Basque"
"sk","fr",0.319093701347202,"Indo-European","Indo-European",1204,"Slovak","French"
"sk","he",0.248310751320824,"Indo-European","Afro-Asiatic",1064,"Slovak","Hebrew"
"sk","it",0.327815537943725,"Indo-European","Indo-European",1136,"Slovak","Italian"
"sk","ja",0.209619531156461,"Indo-European","Japonic",931,"Slovak","Japanese"
"sk","ka",0.292926909914316,"Indo-European","Kartvelian",1069,"Slovak","Georgian"
"sk","kk",0.255742137612795,"Indo-European","Turkic",1153,"Slovak","Kazakh"
"sk","ko",0.254540132345263,"Indo-European","Koreanic",836,"Slovak","Korean"
"sk","lt",0.315881357603769,"Indo-European","Indo-European",1256,"Slovak","Lithuanian"
"sk","nl",0.309763872545739,"Indo-European","Indo-European",1227,"Slovak","Dutch"
"sk","no",0.304545820081206,"Indo-European","Indo-European",1105,"Slovak","Norwegian (Bokmål)"
"sk","pl",0.358134095311813,"Indo-European","Indo-European",1131,"Slovak","Polish"
"sk","pt",0.306837026698822,"Indo-European","Indo-European",1233,"Slovak","Portuguese"
"sk","ro",0.285677458321949,"Indo-European","Indo-European",1283,"Slovak","Romanian"
"sk","ru",0.359911569774857,"Indo-European","Indo-European",1073,"Slovak","Russian"
"sk","sv",0.292306114307028,"Indo-European","Indo-European",1158,"Slovak","Swedish"
"sk","ta",0.277482629095116,"Indo-European","Dravidian",797,"Slovak","Tamil"
"sk","tr",0.299548552192996,"Indo-European","Turkic",1225,"Slovak","Turkish"
"sk","uk",0.358619108178353,"Indo-European","Indo-European",1087,"Slovak","Ukrainian"
"sk","uz",0.265260623137555,"Indo-European","Turkic",585,"Slovak","Uzbek"
"sk","zh",0.224716992248162,"Indo-European","Sino-Tibetan",1006,"Slovak","Chinese"
"sv","ar",0.258748065239524,"Indo-European","Afro-Asiatic",1162,"Swedish","Arabic"
"sv","az",0.254234641606383,"Indo-European","Turkic",1029,"Swedish","Azerbaijani"
"sv","ca",0.312038290303612,"Indo-European","Indo-European",1107,"Swedish","Catalan"
"sv","da",0.357374333752185,"Indo-European","Indo-European",1167,"Swedish","Danish"
"sv","de",0.331164505064098,"Indo-European","Indo-European",547,"Swedish","German"
"sv","en",0.315911214921007,"Indo-European","Indo-European",1062,"Swedish","English"
"sv","es",0.326341889217087,"Indo-European","Indo-European",1253,"Swedish","Spanish"
"sv","eu",0.276981361447091,"Indo-European","Basque",1132,"Swedish","Basque"
"sv","fr",0.311221305986279,"Indo-European","Indo-European",1248,"Swedish","French"
"sv","he",0.228925923221802,"Indo-European","Afro-Asiatic",1103,"Swedish","Hebrew"
"sv","it",0.319541740197106,"Indo-European","Indo-European",1188,"Swedish","Italian"
"sv","ja",0.214935195699851,"Indo-European","Japonic",955,"Swedish","Japanese"
"sv","ka",0.271934381301075,"Indo-European","Kartvelian",1044,"Swedish","Georgian"
"sv","kk",0.251157620700394,"Indo-European","Turkic",1164,"Swedish","Kazakh"
"sv","ko",0.244614668731598,"Indo-European","Koreanic",841,"Swedish","Korean"
"sv","nl",0.320967795898869,"Indo-European","Indo-European",1262,"Swedish","Dutch"
"sv","pt",0.298830314635216,"Indo-European","Indo-European",1264,"Swedish","Portuguese"
"sv","ro",0.277074827690684,"Indo-European","Indo-European",1286,"Swedish","Romanian"
"sv","ta",0.260140866144392,"Indo-European","Dravidian",794,"Swedish","Tamil"
"sv","tr",0.290066495982898,"Indo-European","Turkic",1229,"Swedish","Turkish"
"sv","uz",0.245173295427069,"Indo-European","Turkic",565,"Swedish","Uzbek"
"sv","zh",0.224447924186862,"Indo-European","Sino-Tibetan",1034,"Swedish","Chinese"
"ta","ar",0.241492052217029,"Dravidian","Afro-Asiatic",782,"Tamil","Arabic"
"ta","eu",0.257567396496373,"Dravidian","Basque",794,"Tamil","Basque"
"ta","he",0.209535454548153,"Dravidian","Afro-Asiatic",738,"Tamil","Hebrew"
"ta","ka",0.25665954802461,"Dravidian","Kartvelian",735,"Tamil","Georgian"
"ta","zh",0.159949446570358,"Dravidian","Sino-Tibetan",700,"Tamil","Chinese"
"tr","ar",0.280276349774863,"Turkic","Afro-Asiatic",1211,"Turkish","Arabic"
"tr","az",0.328407855220888,"Turkic","Turkic",1130,"Turkish","Azerbaijani"
"tr","eu",0.295491717640218,"Turkic","Basque",1197,"Turkish","Basque"
"tr","he",0.24979997170074,"Turkic","Afro-Asiatic",1145,"Turkish","Hebrew"
"tr","ja",0.222802703421563,"Turkic","Japonic",1003,"Turkish","Japanese"
"tr","ka",0.29642100384449,"Turkic","Kartvelian",1103,"Turkish","Georgian"
"tr","kk",0.271033722955041,"Turkic","Turkic",1236,"Turkish","Kazakh"
"tr","ko",0.272072017283255,"Turkic","Koreanic",897,"Turkish","Korean"
"tr","ta",0.281547795792626,"Turkic","Dravidian",846,"Turkish","Tamil"
"tr","uz",0.294755516140293,"Turkic","Turkic",617,"Turkish","Uzbek"
"tr","zh",0.229428347653476,"Turkic","Sino-Tibetan",1069,"Turkish","Chinese"
"uk","ar",0.28725887691453,"Indo-European","Afro-Asiatic",1095,"Ukrainian","Arabic"
"uk","az",0.30641719969665,"Indo-European","Turkic",965,"Ukrainian","Azerbaijani"
"uk","be",0.426583357115191,"Indo-European","Indo-European",989,"Ukrainian","Belarusian"
"uk","ca",0.355534673593119,"Indo-European","Indo-European",1012,"Ukrainian","Catalan"
"uk","da",0.336901294124739,"Indo-European","Indo-European",1034,"Ukrainian","Danish"
"uk","de",0.342274387866526,"Indo-European","Indo-European",514,"Ukrainian","German"
"uk","en",0.338724168335037,"Indo-European","Indo-European",979,"Ukrainian","English"
"uk","es",0.375970406503595,"Indo-European","Indo-European",1169,"Ukrainian","Spanish"
"uk","eu",0.304723861595934,"Indo-European","Basque",1063,"Ukrainian","Basque"
"uk","fr",0.348402595241439,"Indo-European","Indo-European",1152,"Ukrainian","French"
"uk","he",0.256343943843908,"Indo-European","Afro-Asiatic",1033,"Ukrainian","Hebrew"
"uk","it",0.362255145879241,"Indo-European","Indo-European",1092,"Ukrainian","Italian"
"uk","ja",0.240354336870424,"Indo-European","Japonic",901,"Ukrainian","Japanese"
"uk","ka",0.322079996825573,"Indo-European","Kartvelian",999,"Ukrainian","Georgian"
"uk","kk",0.284211591310181,"Indo-European","Turkic",1100,"Ukrainian","Kazakh"
"uk","ko",0.26225085219799,"Indo-European","Koreanic",785,"Ukrainian","Korean"
"uk","lt",0.349290360333684,"Indo-European","Indo-European",1198,"Ukrainian","Lithuanian"
"uk","nl",0.338799789224278,"Indo-European","Indo-European",1173,"Ukrainian","Dutch"
"uk","no",0.321641780615305,"Indo-European","Indo-European",1060,"Ukrainian","Norwegian (Bokmål)"
"uk","pt",0.346873615505106,"Indo-European","Indo-European",1160,"Ukrainian","Portuguese"
"uk","ro",0.312042699804347,"Indo-European","Indo-European",1197,"Ukrainian","Romanian"
"uk","ru",0.507961064742514,"Indo-European","Indo-European",1052,"Ukrainian","Russian"
"uk","sv",0.311364962974066,"Indo-European","Indo-European",1120,"Ukrainian","Swedish"
"uk","ta",0.289661965995423,"Indo-European","Dravidian",748,"Ukrainian","Tamil"
"uk","tr",0.330371180279464,"Indo-European","Turkic",1150,"Ukrainian","Turkish"
"uk","uz",0.274036645909294,"Indo-European","Turkic",530,"Ukrainian","Uzbek"
"uk","zh",0.236947436077338,"Indo-European","Sino-Tibetan",972,"Ukrainian","Chinese"
"uz","ar",0.232133833902019,"Turkic","Afro-Asiatic",536,"Uzbek","Arabic"
"uz","eu",0.240996088602689,"Turkic","Basque",581,"Uzbek","Basque"
"uz","he",0.193815729111311,"Turkic","Afro-Asiatic",510,"Uzbek","Hebrew"
"uz","ja",0.153747505579835,"Turkic","Japonic",469,"Uzbek","Japanese"
"uz","ka",0.250128682296569,"Turkic","Kartvelian",558,"Uzbek","Georgian"
"uz","kk",0.256240024970077,"Turkic","Turkic",580,"Uzbek","Kazakh"
"uz","ko",0.190109397708277,"Turkic","Koreanic",452,"Uzbek","Korean"
"uz","ta",0.220722292145885,"Turkic","Dravidian",436,"Uzbek","Tamil"
"uz","zh",0.169740969296094,"Turkic","Sino-Tibetan",484,"Uzbek","Chinese"
