"l1","l2","number_numeric","l1_typology","l2_typology","sameNumeralTypology"
"fr","uk",9,"atom","atom",TRUE
"fr","uk",1,"atom","atom",TRUE
"fr","uk",1000,"1000","1000",TRUE
"fr","uk",2,"atom","atom",TRUE
"fr","uk",40,"4*base","atom",FALSE
"fr","uk",60,"6*base","6*10",FALSE
"fr","uk",4,"atom","atom",TRUE
"fr","uk",30,"3*base","3*10",FALSE
"fr","uk",100,"100","100",TRUE
"fr","uk",8,"atom","atom",TRUE
"fr","uk",20,"atom","2*10",FALSE
"fr","uk",6,"atom","atom",TRUE
"de","bg",1000,"1000","1000",TRUE
"de","bg",2,"atom","atom",TRUE
"de","bg",100,"100","100",TRUE
"de","bg",20,"2*10","2*10",TRUE
"de","bg",11,"atom","1+10",FALSE
"de","bg",11,"atom","1+10",FALSE
"de","bg",20,"2*10","2*10",TRUE
"de","bg",30,"3*10","3*10",TRUE
"de","bg",12,"atom","2+10",FALSE
"de","bg",40,"4*10","4*10",TRUE
"de","bg",90,"9*10","9*10",TRUE
"de","bg",60,"6*10","6*10",TRUE
"de","bg",50,"5*10","5*10",TRUE
"de","bg",3,"atom","atom",TRUE
"de","bg",70,"7*10","7*10",TRUE
"de","bg",80,"8*10","8*10",TRUE
"de","bg",9,"atom","atom",TRUE
"de","bg",4,"atom","atom",TRUE
"de","bg",5,"atom","atom",TRUE
"de","bg",12,"atom","2+10",FALSE
"de","bg",6,"atom","atom",TRUE
"de","bg",8,"atom","atom",TRUE
"de","bg",10,"atom","atom",TRUE
"da","fi",70,"3.5*20","7*10",FALSE
"da","fi",90,"4.5*20","9*10",FALSE
"da","fi",40,"4*base","4*10",FALSE
"da","fi",100,"(1*)100","100",FALSE
"da","fi",80,"4*20","8*10",FALSE
"da","fi",60,"3*20","6*10",FALSE
"da","fi",2,"atom","atom",TRUE
"da","fi",30,"3*base","3*10",FALSE
"da","fi",11,"atom","1+2ndbase",FALSE
"da","fi",50,"2.5*20","5*10",FALSE
"da","fi",20,"2*base","2*10",FALSE
"da","fi",6,"atom","atom",TRUE
"da","fi",8,"atom","atom",TRUE
"da","fi",3,"atom","atom",TRUE
"da","fi",10,"atom","atom",TRUE
"da","fi",9,"atom","atom",TRUE
"da","fi",12,"atom","2+2ndbase",FALSE
"da","fi",5,"atom","atom",TRUE
"da","fi",7,"atom","atom",TRUE
"da","fi",4,"atom","atom",TRUE
"hu","de",7,"atom","atom",TRUE
"hu","de",1,"atom","atom",TRUE
"hu","de",1000,"1000","1000",TRUE
"hu","de",7,"atom","atom",TRUE
"hu","de",100,"100","100",TRUE
"hu","de",3,"atom","atom",TRUE
"hu","de",30,"3*10","3*10",TRUE
"hu","de",20,"2*10","2*10",TRUE
"hu","de",90,"9*10","9*10",TRUE
"hu","de",10,"atom","atom",TRUE
"hu","de",80,"8*10","8*10",TRUE
"hu","de",70,"7*10","7*10",TRUE
"hu","de",9,"atom","atom",TRUE
"hu","de",11,"10+1","atom",FALSE
"hu","de",8,"atom","atom",TRUE
"hu","de",4,"atom","atom",TRUE
"hu","de",40,"4*10","4*10",TRUE
"hu","de",5,"atom","atom",TRUE
"hu","de",50,"5*10","5*10",TRUE
"hu","de",60,"6*10","6*10",TRUE
"hu","de",6,"atom","atom",TRUE
"hu","sv",1,"atom","atom",TRUE
"hu","sv",1,"atom","atom",TRUE
"hu","sv",7,"atom","atom",TRUE
"hu","sv",1000,"1000","(1*)1000",FALSE
"hu","sv",100,"100","(1*)100",FALSE
"hu","sv",7,"atom","atom",TRUE
"hu","sv",3,"atom","atom",TRUE
"hu","sv",30,"3*10","3*10",TRUE
"hu","sv",20,"2*10","atom",FALSE
"hu","sv",40,"4*10","4*10",TRUE
"hu","sv",50,"5*10","5*10",TRUE
"hu","sv",70,"7*10","7*10",TRUE
"hu","sv",4,"atom","atom",TRUE
"hu","sv",10,"atom","atom",TRUE
"hu","sv",8,"atom","atom",TRUE
"hu","sv",11,"10+1","atom",FALSE
"hu","sv",90,"9*10","9*10",TRUE
"hu","sv",60,"6*10","6*10",TRUE
"hu","sv",6,"atom","atom",TRUE
"hu","sv",9,"atom","atom",TRUE
"hu","sv",5,"atom","atom",TRUE
"hu","sv",80,"8*10","8*10",TRUE
"bg","no",1,"atom","atom",TRUE
"bg","no",1,"atom","atom",TRUE
"bg","no",1000,"1000","(1*)1000",FALSE
"bg","no",100,"100","(1*)100",FALSE
"bg","no",3,"atom","atom",TRUE
"bg","no",20,"2*10","atom",FALSE
"bg","no",11,"1+10","atom",FALSE
"bg","no",4,"atom","atom",TRUE
"bg","no",40,"4*10","4*10/4*baseS",FALSE
"bg","no",5,"atom","atom",TRUE
"bg","no",6,"atom","atom",TRUE
"bg","no",8,"atom","atom",TRUE
"bg","no",10,"atom","atom",TRUE
"bg","no",9,"atom","atom",TRUE
"bg","no",12,"2+10","atom",FALSE
"bg","no",7,"atom","atom",TRUE
"bg","no",50,"5*10","5*10",TRUE
"bg","no",30,"3*10","3*10/3*base",FALSE
"bg","no",90,"9*10","9*10",TRUE
"bg","no",80,"8*10","8*10",TRUE
"bg","no",70,"7*10","7*10",TRUE
"nl","bg",1000,"1000","1000",TRUE
"nl","bg",90,"9*10","9*10",TRUE
"nl","bg",100,"100","100",TRUE
"nl","bg",70,"7*10","7*10",TRUE
"nl","bg",80,"8*10","8*10",TRUE
"nl","bg",2,"atom","atom",TRUE
"nl","bg",60,"6*10","6*10",TRUE
"nl","bg",11,"atom","1+10",FALSE
"nl","bg",11,"atom","1+10",FALSE
"nl","bg",12,"atom","2+10",FALSE
"nl","bg",12,"atom","2+10",FALSE
"nl","bg",9,"atom","atom",TRUE
"nl","bg",50,"5*10","5*10",TRUE
"nl","bg",10,"atom","atom",TRUE
"nl","bg",20,"2*10","2*10",TRUE
"nl","bg",8,"atom","atom",TRUE
"nl","bg",20,"2*10","2*10",TRUE
"nl","bg",6,"atom","atom",TRUE
"nl","bg",3,"atom","atom",TRUE
"nl","bg",7,"atom","atom",TRUE
"nl","bg",5,"atom","atom",TRUE
"nl","bg",40,"4*10","4*10",TRUE
"nl","bg",4,"atom","atom",TRUE
"nl","bg",30,"3*10","3*10",TRUE
"uk","sv",1,"atom","atom",TRUE
"uk","sv",1,"atom","atom",TRUE
"uk","sv",1,"atom","atom",TRUE
"uk","sv",1000,"1000","(1*)1000",FALSE
"uk","sv",2,"atom","atom",TRUE
"uk","sv",7,"atom","atom",TRUE
"uk","sv",100,"100","(1*)100",FALSE
"uk","sv",3,"atom","atom",TRUE
"uk","sv",40,"atom","4*10",FALSE
"uk","sv",4,"atom","atom",TRUE
"uk","sv",10,"atom","atom",TRUE
"uk","sv",60,"6*10","6*10",TRUE
"uk","sv",70,"7*10","7*10",TRUE
"uk","sv",8,"atom","atom",TRUE
"uk","sv",30,"3*10","3*10",TRUE
"uk","sv",20,"2*10","atom",FALSE
"uk","sv",80,"8*10","8*10",TRUE
"uk","sv",11,"1+10","atom",FALSE
"uk","sv",12,"2+10","atom",FALSE
"uk","sv",6,"atom","atom",TRUE
"nl","no",2,"atom","atom",TRUE
"nl","no",1000,"1000","(1*)1000",FALSE
"nl","no",60,"6*10","6*10",TRUE
"nl","no",3,"atom","atom",TRUE
"nl","no",90,"9*10","9*10",TRUE
"nl","no",100,"100","(1*)100",FALSE
"nl","no",80,"8*10","8*10",TRUE
"nl","no",70,"7*10","7*10",TRUE
"nl","no",4,"atom","atom",TRUE
"nl","no",5,"atom","atom",TRUE
"nl","no",6,"atom","atom",TRUE
"nl","no",50,"5*10","5*10",TRUE
"nl","no",9,"atom","atom",TRUE
"nl","no",8,"atom","atom",TRUE
"nl","no",7,"atom","atom",TRUE
"nl","no",10,"atom","atom",TRUE
"nl","no",11,"atom","atom",TRUE
"nl","no",12,"atom","atom",TRUE
"nl","no",20,"2*10","atom",FALSE
"nl","no",40,"4*10","4*10/4*baseS",FALSE
"nl","no",30,"3*10","3*10/3*base",FALSE
"en","da",40,"4*10","4*base",FALSE
"en","da",70,"7*10","3.5*20",FALSE
"en","da",90,"9*10","4.5*20",FALSE
"en","da",1,"atom","atom",TRUE
"en","da",40,"4*10","4*base",FALSE
"en","da",80,"8*10","4*20",FALSE
"en","da",60,"6*10","3*20",FALSE
"en","da",30,"3*10","3*base",FALSE
"en","da",50,"5*10","2.5*20",FALSE
"en","da",2,"atom","atom",TRUE
"en","da",11,"atom","atom",TRUE
"en","da",9,"atom","atom",TRUE
"en","da",20,"2*10","2*base",FALSE
"en","da",6,"atom","atom",TRUE
"en","da",10,"atom","atom",TRUE
"en","da",7,"atom","atom",TRUE
"en","da",12,"atom","atom",TRUE
"en","da",5,"atom","atom",TRUE
"en","da",8,"atom","atom",TRUE
"en","da",3,"atom","atom",TRUE
"en","da",4,"atom","atom",TRUE
"es","fr",1,"atom","atom",TRUE
"es","fr",2,"atom","atom",TRUE
"es","fr",1000,"1000","1000",TRUE
"es","fr",100,"100","100",TRUE
"es","fr",9,"atom","atom",TRUE
"es","fr",60,"6*base","6*base",TRUE
"es","fr",11,"1+base","1+base",TRUE
"es","fr",10,"atom","atom",TRUE
"es","fr",20,"atom","atom",TRUE
"es","fr",8,"atom","atom",TRUE
"es","fr",12,"2+base","2+base",TRUE
"es","fr",5,"atom","atom",TRUE
"es","fr",40,"4*base","4*base",TRUE
"es","fr",30,"3*base","3*base",TRUE
"es","fr",4,"atom","atom",TRUE
"es","fr",50,"5*base","5*base",TRUE
"es","fr",6,"atom","atom",TRUE
"es","da",1,"atom","atom",TRUE
"es","da",40,"4*base","4*base",TRUE
"es","da",70,"7*base","3.5*20",FALSE
"es","da",90,"9*base","4.5*20",FALSE
"es","da",1000,"1000","(1*)1000",FALSE
"es","da",100,"100","(1*)100",FALSE
"es","da",60,"6*base","3*20",FALSE
"es","da",40,"4*base","4*base",TRUE
"es","da",80,"8*base","4*20",FALSE
"es","da",30,"3*base","3*base",TRUE
"es","da",50,"5*base","2.5*20",FALSE
"es","da",20,"atom","2*base",FALSE
"es","da",2,"atom","atom",TRUE
"es","da",11,"1+base","atom",FALSE
"es","da",10,"atom","atom",TRUE
"es","da",6,"atom","atom",TRUE
"es","da",9,"atom","atom",TRUE
"es","da",8,"atom","atom",TRUE
"es","da",5,"atom","atom",TRUE
"es","da",12,"2+base","atom",FALSE
"es","da",4,"atom","atom",TRUE
"it","da",1,"atom","atom",TRUE
"it","da",40,"4*base","4*base",TRUE
"it","da",60,"6*base","3*20",FALSE
"it","da",1000,"1000","(1*)1000",FALSE
"it","da",90,"9*base","4.5*20",FALSE
"it","da",70,"7*base","3.5*20",FALSE
"it","da",80,"8*base","4*20",FALSE
"it","da",50,"5*base","2.5*20",FALSE
"it","da",40,"4*base","4*base",TRUE
"it","da",30,"3*base","3*base",TRUE
"it","da",100,"100","(1*)100",FALSE
"it","da",20,"atom","2*base",FALSE
"it","da",2,"atom","atom",TRUE
"it","da",9,"atom","atom",TRUE
"it","da",10,"atom","atom",TRUE
"it","da",7,"atom","atom",TRUE
"it","da",6,"atom","atom",TRUE
"it","da",8,"atom","atom",TRUE
"it","da",12,"2+10","atom",FALSE
"it","da",3,"atom","atom",TRUE
"it","da",5,"atom","atom",TRUE
"it","da",4,"atom","atom",TRUE
"hu","uk",7,"atom","atom",TRUE
"hu","uk",1,"atom","atom",TRUE
"hu","uk",7,"atom","atom",TRUE
"hu","uk",1000,"1000","1000",TRUE
"hu","uk",3,"atom","atom",TRUE
"hu","uk",4,"atom","atom",TRUE
"hu","uk",6,"atom","atom",TRUE
"hu","uk",10,"atom","atom",TRUE
"hu","uk",8,"atom","atom",TRUE
"hu","uk",30,"3*10","3*10",TRUE
"hu","uk",100,"100","100",TRUE
"hu","uk",11,"10+1","1+10",FALSE
"hu","uk",20,"2*10","2*10",TRUE
"hu","uk",40,"4*10","atom",FALSE
"hu","uk",60,"6*10","6*10",TRUE
"hu","uk",80,"8*10","8*10",TRUE
"hu","uk",70,"7*10","7*10",TRUE
"de","nl",1000,"1000","1000",TRUE
"de","nl",90,"9*10","9*10",TRUE
"de","nl",100,"100","100",TRUE
"de","nl",70,"7*10","7*10",TRUE
"de","nl",80,"8*10","8*10",TRUE
"de","nl",60,"6*10","6*10",TRUE
"de","nl",50,"5*10","5*10",TRUE
"de","nl",2,"atom","atom",TRUE
"de","nl",3,"atom","atom",TRUE
"de","nl",30,"3*10","3*10",TRUE
"de","nl",10,"atom","atom",TRUE
"de","nl",4,"atom","atom",TRUE
"de","nl",40,"4*10","4*10",TRUE
"de","nl",8,"atom","atom",TRUE
"de","nl",5,"atom","atom",TRUE
"de","nl",20,"2*10","2*10",TRUE
"de","nl",6,"atom","atom",TRUE
"de","nl",12,"atom","atom",TRUE
"de","nl",9,"atom","atom",TRUE
"de","nl",11,"atom","atom",TRUE
"it","cs",1000,"1000","1000",TRUE
"it","cs",1,"atom","atom",TRUE
"it","cs",90,"9*base","9*10",FALSE
"it","cs",80,"8*base","8*10",FALSE
"it","cs",70,"7*base","7*10",FALSE
"it","cs",100,"100","100",TRUE
"it","cs",2,"atom","atom",TRUE
"it","cs",6,"atom","atom",TRUE
"it","cs",5,"atom","atom",TRUE
"it","cs",7,"atom","atom",TRUE
"it","cs",9,"atom","atom",TRUE
"it","cs",60,"6*base","6*10",FALSE
"it","cs",12,"2+10","2+base",FALSE
"it","cs",3,"atom","atom",TRUE
"it","cs",50,"5*base","5*10",FALSE
"it","cs",8,"atom","atom",TRUE
"it","cs",10,"atom","atom",TRUE
"it","cs",4,"atom","atom",TRUE
"it","cs",30,"3*base","3*base",TRUE
"it","cs",20,"atom","2*base",FALSE
"it","cs",40,"4*base","4*base",TRUE
"pt","uk",1000,"1000","1000",TRUE
"pt","uk",2,"atom","atom",TRUE
"pt","uk",100,"100","100",TRUE
"pt","uk",60,"6*base","6*10",FALSE
"pt","uk",40,"4*base","atom",FALSE
"pt","uk",3,"atom","atom",TRUE
"pt","uk",80,"8*base","8*10",FALSE
"pt","uk",70,"7*base","7*10",FALSE
"pt","uk",4,"atom","atom",TRUE
"pt","uk",20,"atom","2*10",FALSE
"pt","uk",10,"atom","atom",TRUE
"pt","uk",30,"3*base","3*10",FALSE
"pt","uk",11,"1+10","1+10",TRUE
"pt","uk",12,"2+10","2+10",TRUE
"pt","uk",6,"atom","atom",TRUE
"pt","uk",8,"atom","atom",TRUE
"en","fi",1,"atom","atom",TRUE
"en","fi",2,"atom","atom",TRUE
"en","fi",3,"atom","atom",TRUE
"en","fi",10,"atom","atom",TRUE
"en","fi",6,"atom","atom",TRUE
"en","fi",4,"atom","atom",TRUE
"en","fi",5,"atom","atom",TRUE
"en","fi",80,"8*10","8*10",TRUE
"en","fi",60,"6*10","6*10",TRUE
"en","fi",8,"atom","atom",TRUE
"en","fi",20,"2*10","2*10",TRUE
"en","fi",11,"atom","1+2ndbase",FALSE
"en","fi",7,"atom","atom",TRUE
"en","fi",70,"7*10","7*10",TRUE
"en","fi",12,"atom","2+2ndbase",FALSE
"en","fi",40,"4*10","4*10",TRUE
"en","fi",30,"3*10","3*10",TRUE
"en","fi",9,"atom","atom",TRUE
"en","fi",90,"9*10","9*10",TRUE
"en","fi",50,"5*10","5*10",TRUE
"bg","fi",1,"atom","atom",TRUE
"bg","fi",1000,"1000","1000",TRUE
"bg","fi",3,"atom","atom",TRUE
"bg","fi",4,"atom","atom",TRUE
"bg","fi",5,"atom","atom",TRUE
"bg","fi",11,"1+10","1+2ndbase",FALSE
"bg","fi",100,"100","100",TRUE
"bg","fi",6,"atom","atom",TRUE
"bg","fi",20,"2*10","2*10",TRUE
"bg","fi",40,"4*10","4*10",TRUE
"bg","fi",30,"3*10","3*10",TRUE
"bg","fi",8,"atom","atom",TRUE
"bg","fi",80,"8*10","8*10",TRUE
"bg","fi",50,"5*10","5*10",TRUE
"bg","fi",9,"atom","atom",TRUE
"bg","fi",12,"2+10","2+2ndbase",FALSE
"bg","fi",10,"atom","atom",TRUE
"bg","fi",7,"atom","atom",TRUE
"bg","fi",90,"9*10","9*10",TRUE
"bg","fi",70,"7*10","7*10",TRUE
"en","cs",1,"atom","atom",TRUE
"en","cs",2,"atom","atom",TRUE
"en","cs",3,"atom","atom",TRUE
"en","cs",4,"atom","atom",TRUE
"en","cs",11,"atom","1+base",FALSE
"en","cs",10,"atom","atom",TRUE
"en","cs",5,"atom","atom",TRUE
"en","cs",70,"7*10","7*10",TRUE
"en","cs",6,"atom","atom",TRUE
"en","cs",8,"atom","atom",TRUE
"en","cs",7,"atom","atom",TRUE
"en","cs",80,"8*10","8*10",TRUE
"en","cs",20,"2*10","2*base",FALSE
"en","cs",9,"atom","atom",TRUE
"en","cs",60,"6*10","6*10",TRUE
"en","cs",12,"atom","2+base",FALSE
"en","cs",50,"5*10","5*10",TRUE
"en","cs",30,"3*10","3*base",FALSE
"en","cs",40,"4*10","4*base",FALSE
"en","cs",90,"9*10","9*10",TRUE
"hu","it",7,"atom","atom",TRUE
"hu","it",1000,"1000","1000",TRUE
"hu","it",1,"atom","atom",TRUE
"hu","it",90,"9*10","9*base",FALSE
"hu","it",7,"atom","atom",TRUE
"hu","it",80,"8*10","8*base",FALSE
"hu","it",70,"7*10","7*base",FALSE
"hu","it",60,"6*10","6*base",FALSE
"hu","it",100,"100","100",TRUE
"hu","it",9,"atom","atom",TRUE
"hu","it",50,"5*10","5*base",FALSE
"hu","it",3,"atom","atom",TRUE
"hu","it",6,"atom","atom",TRUE
"hu","it",5,"atom","atom",TRUE
"hu","it",30,"3*10","3*base",FALSE
"hu","it",10,"atom","atom",TRUE
"hu","it",4,"atom","atom",TRUE
"hu","it",40,"4*10","4*base",FALSE
"hu","it",8,"atom","atom",TRUE
"hu","it",20,"2*10","atom",FALSE
"it","pt",1,"atom","atom",TRUE
"it","pt",1000,"1000","1000",TRUE
"it","pt",100,"100","100",TRUE
"it","pt",90,"9*base","9*base",TRUE
"it","pt",70,"7*base","7*base",TRUE
"it","pt",100,"100","100",TRUE
"it","pt",80,"8*base","8*base",TRUE
"it","pt",60,"6*base","6*base",TRUE
"it","pt",50,"5*base","5*base",TRUE
"it","pt",30,"3*base","3*base",TRUE
"it","pt",6,"atom","atom",TRUE
"it","pt",2,"atom","atom",TRUE
"it","pt",9,"atom","atom",TRUE
"it","pt",7,"atom","atom",TRUE
"it","pt",12,"2+10","2+10",TRUE
"it","pt",40,"4*base","4*base",TRUE
"it","pt",5,"atom","atom",TRUE
"it","pt",3,"atom","atom",TRUE
"it","pt",20,"atom","atom",TRUE
"it","pt",4,"atom","atom",TRUE
"it","pt",10,"atom","atom",TRUE
"it","pt",8,"atom","atom",TRUE
"cs","uk",1,"atom","atom",TRUE
"cs","uk",7,"atom","atom",TRUE
"cs","uk",1000,"1000","1000",TRUE
"cs","uk",2,"atom","atom",TRUE
"cs","uk",3,"atom","atom",TRUE
"cs","uk",40,"4*base","atom",FALSE
"cs","uk",4,"atom","atom",TRUE
"cs","uk",6,"atom","atom",TRUE
"cs","uk",100,"100","100",TRUE
"cs","uk",10,"atom","atom",TRUE
"cs","uk",30,"3*base","3*10",FALSE
"cs","uk",11,"1+base","1+10",FALSE
"cs","uk",70,"7*10","7*10",TRUE
"cs","uk",80,"8*10","8*10",TRUE
"cs","uk",8,"atom","atom",TRUE
"cs","uk",60,"6*10","6*10",TRUE
"cs","uk",20,"2*base","2*10",FALSE
"cs","uk",12,"2+base","2+10",FALSE
"ru","no",1,"atom","atom",TRUE
"ru","no",1,"atom","atom",TRUE
"ru","no",1,"atom","atom",TRUE
"ru","no",1000,"1000","(1*)1000",FALSE
"ru","no",2,"atom","atom",TRUE
"ru","no",3,"atom","atom",TRUE
"ru","no",100,"100","(1*)100",FALSE
"ru","no",4,"atom","atom",TRUE
"ru","no",5,"atom","atom",TRUE
"ru","no",11,"1+10","atom",FALSE
"ru","no",6,"atom","atom",TRUE
"ru","no",10,"atom","atom",TRUE
"ru","no",8,"atom","atom",TRUE
"ru","no",90,"9*base","9*10",FALSE
"ru","no",9,"atom","atom",TRUE
"ru","no",12,"2+10","atom",FALSE
"ru","no",40,"atom","4*10/4*baseS",FALSE
"ru","no",70,"7*10","7*10",TRUE
"ru","no",80,"8*10","8*10",TRUE
"ru","no",20,"2*base","atom",FALSE
"ru","no",50,"5*10","5*10",TRUE
"ru","no",30,"3*base","3*10/3*base",FALSE
"ru","no",60,"6*10","6*10",TRUE
"fr","da",9,"atom","atom",TRUE
"fr","da",1,"atom","atom",TRUE
"fr","da",40,"4*base","4*base",TRUE
"fr","da",1000,"1000","(1*)1000",FALSE
"fr","da",40,"4*base","4*base",TRUE
"fr","da",60,"6*base","3*20",FALSE
"fr","da",100,"100","(1*)100",FALSE
"fr","da",50,"5*base","2.5*20",FALSE
"fr","da",30,"3*base","3*base",TRUE
"fr","da",2,"atom","atom",TRUE
"fr","da",9,"atom","atom",TRUE
"fr","da",8,"atom","atom",TRUE
"fr","da",20,"atom","2*base",FALSE
"fr","da",5,"atom","atom",TRUE
"fr","da",6,"atom","atom",TRUE
"fr","da",4,"atom","atom",TRUE
"it","no",1,"atom","atom",TRUE
"it","no",1,"atom","atom",TRUE
"it","no",1000,"1000","(1*)1000",FALSE
"it","no",60,"6*base","6*10",FALSE
"it","no",90,"9*base","9*10",FALSE
"it","no",80,"8*base","8*10",FALSE
"it","no",50,"5*base","5*10",FALSE
"it","no",100,"100","(1*)100",FALSE
"it","no",70,"7*base","7*10",FALSE
"it","no",2,"atom","atom",TRUE
"it","no",30,"3*base","3*10/3*base",FALSE
"it","no",20,"atom","atom",TRUE
"it","no",3,"atom","atom",TRUE
"it","no",4,"atom","atom",TRUE
"it","no",6,"atom","atom",TRUE
"it","no",12,"2+10","atom",FALSE
"it","no",40,"4*base","4*10/4*baseS",FALSE
"it","no",9,"atom","atom",TRUE
"it","no",5,"atom","atom",TRUE
"it","no",7,"atom","atom",TRUE
"it","no",10,"atom","atom",TRUE
"it","no",8,"atom","atom",TRUE
"en","nl",1,"atom","atom",TRUE
"en","nl",70,"7*10","7*10",TRUE
"en","nl",80,"8*10","8*10",TRUE
"en","nl",90,"9*10","9*10",TRUE
"en","nl",60,"6*10","6*10",TRUE
"en","nl",50,"5*10","5*10",TRUE
"en","nl",2,"atom","atom",TRUE
"en","nl",10,"atom","atom",TRUE
"en","nl",8,"atom","atom",TRUE
"en","nl",4,"atom","atom",TRUE
"en","nl",12,"atom","atom",TRUE
"en","nl",7,"atom","atom",TRUE
"en","nl",3,"atom","atom",TRUE
"en","nl",5,"atom","atom",TRUE
"en","nl",6,"atom","atom",TRUE
"en","nl",9,"atom","atom",TRUE
"en","nl",11,"atom","atom",TRUE
"en","nl",30,"3*10","3*10",TRUE
"en","nl",20,"2*10","2*10",TRUE
"en","nl",40,"4*10","4*10",TRUE
"nl","ru",1000,"1000","1000",TRUE
"nl","ru",80,"8*10","8*10",TRUE
"nl","ru",90,"9*10","9*base",FALSE
"nl","ru",70,"7*10","7*10",TRUE
"nl","ru",60,"6*10","6*10",TRUE
"nl","ru",100,"100","100",TRUE
"nl","ru",2,"atom","atom",TRUE
"nl","ru",5,"atom","atom",TRUE
"nl","ru",3,"atom","atom",TRUE
"nl","ru",10,"atom","atom",TRUE
"nl","ru",50,"5*10","5*10",TRUE
"nl","ru",8,"atom","atom",TRUE
"nl","ru",6,"atom","atom",TRUE
"nl","ru",7,"atom","atom",TRUE
"nl","ru",4,"atom","atom",TRUE
"nl","ru",12,"atom","2+10",FALSE
"nl","ru",11,"atom","1+10",FALSE
"nl","ru",9,"atom","atom",TRUE
"nl","ru",30,"3*10","3*base",FALSE
"nl","ru",40,"4*10","atom",FALSE
"nl","ru",20,"2*10","2*base",FALSE
"da","no",70,"3.5*20","7*10",FALSE
"da","no",90,"4.5*20","9*10",FALSE
"da","no",80,"4*20","8*10",FALSE
"da","no",40,"4*base","4*10/4*baseS",FALSE
"da","no",60,"3*20","6*10",FALSE
"da","no",100,"(1*)100","(1*)100",TRUE
"da","no",2,"atom","atom",TRUE
"da","no",30,"3*base","3*10/3*base",FALSE
"da","no",50,"2.5*20","5*10",FALSE
"da","no",20,"2*base","atom",FALSE
"da","no",3,"atom","atom",TRUE
"da","no",9,"atom","atom",TRUE
"da","no",11,"atom","atom",TRUE
"da","no",6,"atom","atom",TRUE
"da","no",12,"atom","atom",TRUE
"da","no",5,"atom","atom",TRUE
"da","no",7,"atom","atom",TRUE
"da","no",8,"atom","atom",TRUE
"da","no",4,"atom","atom",TRUE
"da","no",10,"atom","atom",TRUE
"pt","fr",1000,"1000","1000",TRUE
"pt","fr",2,"atom","atom",TRUE
"pt","fr",100,"100","100",TRUE
"pt","fr",60,"6*base","6*base",TRUE
"pt","fr",9,"atom","atom",TRUE
"pt","fr",30,"3*base","3*base",TRUE
"pt","fr",20,"atom","atom",TRUE
"pt","fr",11,"1+10","1+base",FALSE
"pt","fr",3,"atom","atom",TRUE
"pt","fr",10,"atom","atom",TRUE
"pt","fr",40,"4*base","4*base",TRUE
"pt","fr",50,"5*base","5*base",TRUE
"pt","fr",8,"atom","atom",TRUE
"pt","fr",5,"atom","atom",TRUE
"pt","fr",6,"atom","atom",TRUE
"pt","fr",4,"atom","atom",TRUE
"pt","fr",12,"2+10","2+base",FALSE
"es","bg",1,"atom","atom",TRUE
"es","bg",2,"atom","atom",TRUE
"es","bg",100,"100","100",TRUE
"es","bg",1000,"1000","1000",TRUE
"es","bg",11,"1+base","1+10",FALSE
"es","bg",12,"2+base","2+10",FALSE
"es","bg",11,"1+base","1+10",FALSE
"es","bg",20,"atom","2*10",FALSE
"es","bg",20,"atom","2*10",FALSE
"es","bg",90,"9*base","9*10",FALSE
"es","bg",30,"3*base","3*10",FALSE
"es","bg",40,"4*base","4*10",FALSE
"es","bg",60,"6*base","6*10",FALSE
"es","bg",50,"5*base","5*10",FALSE
"es","bg",70,"7*base","7*10",FALSE
"es","bg",5,"atom","atom",TRUE
"es","bg",80,"8*base","8*10",FALSE
"es","bg",9,"atom","atom",TRUE
"es","bg",6,"atom","atom",TRUE
"es","bg",8,"atom","atom",TRUE
"es","bg",12,"2+base","2+10",FALSE
"es","bg",4,"atom","atom",TRUE
"es","bg",10,"atom","atom",TRUE
"cs","no",1,"atom","atom",TRUE
"cs","no",1,"atom","atom",TRUE
"cs","no",2,"atom","atom",TRUE
"cs","no",1000,"1000","(1*)1000",FALSE
"cs","no",3,"atom","atom",TRUE
"cs","no",100,"100","(1*)100",FALSE
"cs","no",4,"atom","atom",TRUE
"cs","no",8,"atom","atom",TRUE
"cs","no",7,"atom","atom",TRUE
"cs","no",11,"1+base","atom",FALSE
"cs","no",6,"atom","atom",TRUE
"cs","no",9,"atom","atom",TRUE
"cs","no",10,"atom","atom",TRUE
"cs","no",90,"9*10","9*10",TRUE
"cs","no",12,"2+base","atom",FALSE
"cs","no",20,"2*base","atom",FALSE
"cs","no",80,"8*10","8*10",TRUE
"cs","no",40,"4*base","4*10/4*baseS",FALSE
"cs","no",60,"6*10","6*10",TRUE
"cs","no",70,"7*10","7*10",TRUE
"cs","no",30,"3*base","3*10/3*base",FALSE
"hu","da",7,"atom","atom",TRUE
"hu","da",40,"4*10","4*base",FALSE
"hu","da",1,"atom","atom",TRUE
"hu","da",90,"9*10","4.5*20",FALSE
"hu","da",1000,"1000","(1*)1000",FALSE
"hu","da",70,"7*10","3.5*20",FALSE
"hu","da",80,"8*10","4*20",FALSE
"hu","da",100,"100","(1*)100",FALSE
"hu","da",60,"6*10","3*20",FALSE
"hu","da",40,"4*10","4*base",FALSE
"hu","da",7,"atom","atom",TRUE
"hu","da",11,"10+1","atom",FALSE
"hu","da",50,"5*10","2.5*20",FALSE
"hu","da",30,"3*10","3*base",FALSE
"hu","da",9,"atom","atom",TRUE
"hu","da",3,"atom","atom",TRUE
"hu","da",10,"atom","atom",TRUE
"hu","da",8,"atom","atom",TRUE
"hu","da",20,"2*10","2*base",FALSE
"hu","da",6,"atom","atom",TRUE
"hu","da",5,"atom","atom",TRUE
"hu","da",4,"atom","atom",TRUE
"de","sv",1000,"1000","(1*)1000",FALSE
"de","sv",100,"100","(1*)100",FALSE
"de","sv",2,"atom","atom",TRUE
"de","sv",50,"5*10","5*10",TRUE
"de","sv",40,"4*10","4*10",TRUE
"de","sv",70,"7*10","7*10",TRUE
"de","sv",90,"9*10","9*10",TRUE
"de","sv",80,"8*10","8*10",TRUE
"de","sv",30,"3*10","3*10",TRUE
"de","sv",20,"2*10","atom",FALSE
"de","sv",3,"atom","atom",TRUE
"de","sv",60,"6*10","6*10",TRUE
"de","sv",10,"atom","atom",TRUE
"de","sv",4,"atom","atom",TRUE
"de","sv",8,"atom","atom",TRUE
"de","sv",9,"atom","atom",TRUE
"de","sv",6,"atom","atom",TRUE
"de","sv",5,"atom","atom",TRUE
"de","sv",12,"atom","atom",TRUE
"de","sv",11,"atom","atom",TRUE
"it","fr",1,"atom","atom",TRUE
"it","fr",1000,"1000","1000",TRUE
"it","fr",60,"6*base","6*base",TRUE
"it","fr",50,"5*base","5*base",TRUE
"it","fr",30,"3*base","3*base",TRUE
"it","fr",9,"atom","atom",TRUE
"it","fr",40,"4*base","4*base",TRUE
"it","fr",2,"atom","atom",TRUE
"it","fr",6,"atom","atom",TRUE
"it","fr",100,"100","100",TRUE
"it","fr",12,"2+10","2+base",FALSE
"it","fr",20,"atom","atom",TRUE
"it","fr",10,"atom","atom",TRUE
"it","fr",3,"atom","atom",TRUE
"it","fr",5,"atom","atom",TRUE
"it","fr",7,"atom","atom",TRUE
"it","fr",4,"atom","atom",TRUE
"it","fr",8,"atom","atom",TRUE
"pt","fi",1000,"1000","1000",TRUE
"pt","fi",2,"atom","atom",TRUE
"pt","fi",100,"100","100",TRUE
"pt","fi",3,"atom","atom",TRUE
"pt","fi",6,"atom","atom",TRUE
"pt","fi",4,"atom","atom",TRUE
"pt","fi",10,"atom","atom",TRUE
"pt","fi",11,"1+10","1+2ndbase",FALSE
"pt","fi",80,"8*base","8*10",FALSE
"pt","fi",8,"atom","atom",TRUE
"pt","fi",5,"atom","atom",TRUE
"pt","fi",20,"atom","2*10",FALSE
"pt","fi",90,"9*base","9*10",FALSE
"pt","fi",9,"atom","atom",TRUE
"pt","fi",60,"6*base","6*10",FALSE
"pt","fi",30,"3*base","3*10",FALSE
"pt","fi",40,"4*base","4*10",FALSE
"pt","fi",50,"5*base","5*10",FALSE
"pt","fi",70,"7*base","7*10",FALSE
"pt","fi",12,"2+10","2+2ndbase",FALSE
"pt","da",70,"7*base","3.5*20",FALSE
"pt","da",1000,"1000","(1*)1000",FALSE
"pt","da",40,"4*base","4*base",TRUE
"pt","da",90,"9*base","4.5*20",FALSE
"pt","da",100,"100","(1*)100",FALSE
"pt","da",60,"6*base","3*20",FALSE
"pt","da",80,"8*base","4*20",FALSE
"pt","da",40,"4*base","4*base",TRUE
"pt","da",50,"5*base","2.5*20",FALSE
"pt","da",2,"atom","atom",TRUE
"pt","da",30,"3*base","3*base",TRUE
"pt","da",11,"1+10","atom",FALSE
"pt","da",9,"atom","atom",TRUE
"pt","da",6,"atom","atom",TRUE
"pt","da",10,"atom","atom",TRUE
"pt","da",5,"atom","atom",TRUE
"pt","da",8,"atom","atom",TRUE
"pt","da",20,"atom","2*base",FALSE
"pt","da",3,"atom","atom",TRUE
"pt","da",12,"2+10","atom",FALSE
"pt","da",4,"atom","atom",TRUE
"es","pt",1,"atom","atom",TRUE
"es","pt",100,"100","100",TRUE
"es","pt",100,"100","100",TRUE
"es","pt",1000,"1000","1000",TRUE
"es","pt",90,"9*base","9*base",TRUE
"es","pt",2,"atom","atom",TRUE
"es","pt",60,"6*base","6*base",TRUE
"es","pt",80,"8*base","8*base",TRUE
"es","pt",70,"7*base","7*base",TRUE
"es","pt",11,"1+base","1+10",FALSE
"es","pt",50,"5*base","5*base",TRUE
"es","pt",30,"3*base","3*base",TRUE
"es","pt",20,"atom","atom",TRUE
"es","pt",40,"4*base","4*base",TRUE
"es","pt",10,"atom","atom",TRUE
"es","pt",6,"atom","atom",TRUE
"es","pt",4,"atom","atom",TRUE
"es","pt",5,"atom","atom",TRUE
"es","pt",12,"2+base","2+10",FALSE
"es","pt",9,"atom","atom",TRUE
"es","pt",8,"atom","atom",TRUE
"it","de",1,"atom","atom",TRUE
"it","de",1000,"1000","1000",TRUE
"it","de",90,"9*base","9*10",FALSE
"it","de",60,"6*base","6*10",FALSE
"it","de",70,"7*base","7*10",FALSE
"it","de",100,"100","100",TRUE
"it","de",80,"8*base","8*10",FALSE
"it","de",50,"5*base","5*10",FALSE
"it","de",30,"3*base","3*10",FALSE
"it","de",2,"atom","atom",TRUE
"it","de",20,"atom","2*10",FALSE
"it","de",40,"4*base","4*10",FALSE
"it","de",6,"atom","atom",TRUE
"it","de",3,"atom","atom",TRUE
"it","de",5,"atom","atom",TRUE
"it","de",12,"2+10","atom",FALSE
"it","de",4,"atom","atom",TRUE
"it","de",7,"atom","atom",TRUE
"it","de",9,"atom","atom",TRUE
"it","de",10,"atom","atom",TRUE
"it","de",8,"atom","atom",TRUE
"fr","cs",9,"atom","atom",TRUE
"fr","cs",1,"atom","atom",TRUE
"fr","cs",2,"atom","atom",TRUE
"fr","cs",1000,"1000","1000",TRUE
"fr","cs",4,"atom","atom",TRUE
"fr","cs",9,"atom","atom",TRUE
"fr","cs",5,"atom","atom",TRUE
"fr","cs",6,"atom","atom",TRUE
"fr","cs",8,"atom","atom",TRUE
"fr","cs",20,"atom","2*base",FALSE
"fr","cs",100,"100","100",TRUE
"fr","cs",30,"3*base","3*base",TRUE
"fr","cs",50,"5*base","5*10",FALSE
"fr","cs",60,"6*base","6*10",FALSE
"fr","cs",40,"4*base","4*base",TRUE
"es","ru",1,"atom","atom",TRUE
"es","ru",1000,"1000","1000",TRUE
"es","ru",100,"100","100",TRUE
"es","ru",2,"atom","atom",TRUE
"es","ru",90,"9*base","9*base",TRUE
"es","ru",11,"1+base","1+10",FALSE
"es","ru",70,"7*base","7*10",FALSE
"es","ru",60,"6*base","6*10",FALSE
"es","ru",40,"4*base","atom",FALSE
"es","ru",4,"atom","atom",TRUE
"es","ru",80,"8*base","8*10",FALSE
"es","ru",20,"atom","2*base",FALSE
"es","ru",50,"5*base","5*10",FALSE
"es","ru",5,"atom","atom",TRUE
"es","ru",6,"atom","atom",TRUE
"es","ru",10,"atom","atom",TRUE
"es","ru",12,"2+base","2+10",FALSE
"es","ru",30,"3*base","3*base",TRUE
"es","ru",9,"atom","atom",TRUE
"es","ru",8,"atom","atom",TRUE
"pt","bg",1000,"1000","1000",TRUE
"pt","bg",2,"atom","atom",TRUE
"pt","bg",100,"100","100",TRUE
"pt","bg",11,"1+10","1+10",TRUE
"pt","bg",20,"atom","2*10",FALSE
"pt","bg",60,"6*base","6*10",FALSE
"pt","bg",20,"atom","2*10",FALSE
"pt","bg",40,"4*base","4*10",FALSE
"pt","bg",3,"atom","atom",TRUE
"pt","bg",30,"3*base","3*10",FALSE
"pt","bg",4,"atom","atom",TRUE
"pt","bg",80,"8*base","8*10",FALSE
"pt","bg",5,"atom","atom",TRUE
"pt","bg",11,"1+10","1+10",TRUE
"pt","bg",12,"2+10","2+10",TRUE
"pt","bg",90,"9*base","9*10",FALSE
"pt","bg",50,"5*base","5*10",FALSE
"pt","bg",70,"7*base","7*10",FALSE
"pt","bg",8,"atom","atom",TRUE
"pt","bg",6,"atom","atom",TRUE
"pt","bg",9,"atom","atom",TRUE
"pt","bg",12,"2+10","2+10",TRUE
"pt","bg",10,"atom","atom",TRUE
"en","es",1,"atom","atom",TRUE
"en","es",90,"9*10","9*base",FALSE
"en","es",2,"atom","atom",TRUE
"en","es",70,"7*10","7*base",FALSE
"en","es",80,"8*10","8*base",FALSE
"en","es",11,"atom","1+base",FALSE
"en","es",60,"6*10","6*base",FALSE
"en","es",3,"atom","atom",TRUE
"en","es",20,"2*10","atom",FALSE
"en","es",30,"3*10","3*base",FALSE
"en","es",50,"5*10","5*base",FALSE
"en","es",10,"atom","atom",TRUE
"en","es",4,"atom","atom",TRUE
"en","es",40,"4*10","4*base",FALSE
"en","es",12,"atom","2+base",FALSE
"en","es",6,"atom","atom",TRUE
"en","es",5,"atom","atom",TRUE
"en","es",8,"atom","atom",TRUE
"en","es",9,"atom","atom",TRUE
"en","es",7,"atom","atom",TRUE
"ru","uk",1,"atom","atom",TRUE
"ru","uk",1,"atom","atom",TRUE
"ru","uk",1000,"1000","1000",TRUE
"ru","uk",40,"atom","atom",TRUE
"ru","uk",100,"100","100",TRUE
"ru","uk",2,"atom","atom",TRUE
"ru","uk",70,"7*10","7*10",TRUE
"ru","uk",60,"6*10","6*10",TRUE
"ru","uk",3,"atom","atom",TRUE
"ru","uk",80,"8*10","8*10",TRUE
"ru","uk",4,"atom","atom",TRUE
"ru","uk",10,"atom","atom",TRUE
"ru","uk",30,"3*base","3*10",FALSE
"ru","uk",11,"1+10","1+10",TRUE
"ru","uk",20,"2*base","2*10",FALSE
"ru","uk",8,"atom","atom",TRUE
"ru","uk",12,"2+10","2+10",TRUE
"ru","uk",6,"atom","atom",TRUE
"cs","da",40,"4*base","4*base",TRUE
"cs","da",70,"7*10","3.5*20",FALSE
"cs","da",1000,"1000","(1*)1000",FALSE
"cs","da",90,"9*10","4.5*20",FALSE
"cs","da",40,"4*base","4*base",TRUE
"cs","da",1,"atom","atom",TRUE
"cs","da",100,"100","(1*)100",FALSE
"cs","da",60,"6*10","3*20",FALSE
"cs","da",80,"8*10","4*20",FALSE
"cs","da",11,"1+base","atom",FALSE
"cs","da",2,"atom","atom",TRUE
"cs","da",9,"atom","atom",TRUE
"cs","da",8,"atom","atom",TRUE
"cs","da",6,"atom","atom",TRUE
"cs","da",7,"atom","atom",TRUE
"cs","da",3,"atom","atom",TRUE
"cs","da",30,"3*base","3*base",TRUE
"cs","da",10,"atom","atom",TRUE
"cs","da",12,"2+base","atom",FALSE
"cs","da",20,"2*base","2*base",TRUE
"cs","da",4,"atom","atom",TRUE
"fr","bg",9,"atom","atom",TRUE
"fr","bg",1,"atom","atom",TRUE
"fr","bg",2,"atom","atom",TRUE
"fr","bg",1000,"1000","1000",TRUE
"fr","bg",20,"atom","2*10",FALSE
"fr","bg",5,"atom","atom",TRUE
"fr","bg",8,"atom","atom",TRUE
"fr","bg",4,"atom","atom",TRUE
"fr","bg",100,"100","100",TRUE
"fr","bg",40,"4*base","4*10",FALSE
"fr","bg",30,"3*base","3*10",FALSE
"fr","bg",20,"atom","2*10",FALSE
"fr","bg",60,"6*base","6*10",FALSE
"fr","bg",9,"atom","atom",TRUE
"fr","bg",6,"atom","atom",TRUE
"fr","bg",50,"5*base","5*10",FALSE
"es","no",1,"atom","atom",TRUE
"es","no",1,"atom","atom",TRUE
"es","no",1000,"1000","(1*)1000",FALSE
"es","no",2,"atom","atom",TRUE
"es","no",100,"100","(1*)100",FALSE
"es","no",4,"atom","atom",TRUE
"es","no",90,"9*base","9*10",FALSE
"es","no",11,"1+base","atom",FALSE
"es","no",5,"atom","atom",TRUE
"es","no",8,"atom","atom",TRUE
"es","no",6,"atom","atom",TRUE
"es","no",9,"atom","atom",TRUE
"es","no",60,"6*base","6*10",FALSE
"es","no",10,"atom","atom",TRUE
"es","no",50,"5*base","5*10",FALSE
"es","no",80,"8*base","8*10",FALSE
"es","no",70,"7*base","7*10",FALSE
"es","no",12,"2+base","atom",FALSE
"es","no",20,"atom","atom",TRUE
"es","no",40,"4*base","4*10/4*baseS",FALSE
"es","no",30,"3*base","3*10/3*base",FALSE
"de","da",70,"7*10","3.5*20",FALSE
"de","da",90,"9*10","4.5*20",FALSE
"de","da",40,"4*10","4*base",FALSE
"de","da",1000,"1000","(1*)1000",FALSE
"de","da",100,"100","(1*)100",FALSE
"de","da",40,"4*10","4*base",FALSE
"de","da",80,"8*10","4*20",FALSE
"de","da",60,"6*10","3*20",FALSE
"de","da",50,"5*10","2.5*20",FALSE
"de","da",30,"3*10","3*base",FALSE
"de","da",2,"atom","atom",TRUE
"de","da",20,"2*10","2*base",FALSE
"de","da",10,"atom","atom",TRUE
"de","da",11,"atom","atom",TRUE
"de","da",3,"atom","atom",TRUE
"de","da",6,"atom","atom",TRUE
"de","da",9,"atom","atom",TRUE
"de","da",5,"atom","atom",TRUE
"de","da",8,"atom","atom",TRUE
"de","da",12,"atom","atom",TRUE
"de","da",4,"atom","atom",TRUE
"hu","bg",7,"atom","atom",TRUE
"hu","bg",1,"atom","atom",TRUE
"hu","bg",1000,"1000","1000",TRUE
"hu","bg",7,"atom","atom",TRUE
"hu","bg",3,"atom","atom",TRUE
"hu","bg",11,"10+1","1+10",FALSE
"hu","bg",4,"atom","atom",TRUE
"hu","bg",20,"2*10","2*10",TRUE
"hu","bg",20,"2*10","2*10",TRUE
"hu","bg",5,"atom","atom",TRUE
"hu","bg",40,"4*10","4*10",TRUE
"hu","bg",8,"atom","atom",TRUE
"hu","bg",6,"atom","atom",TRUE
"hu","bg",100,"100","100",TRUE
"hu","bg",9,"atom","atom",TRUE
"hu","bg",11,"10+1","1+10",FALSE
"hu","bg",30,"3*10","3*10",TRUE
"hu","bg",90,"9*10","9*10",TRUE
"hu","bg",10,"atom","atom",TRUE
"hu","bg",50,"5*10","5*10",TRUE
"hu","bg",60,"6*10","6*10",TRUE
"hu","bg",80,"8*10","8*10",TRUE
"hu","bg",70,"7*10","7*10",TRUE
"bg","da",1,"atom","atom",TRUE
"bg","da",70,"7*10","3.5*20",FALSE
"bg","da",40,"4*10","4*base",FALSE
"bg","da",1000,"1000","(1*)1000",FALSE
"bg","da",90,"9*10","4.5*20",FALSE
"bg","da",100,"100","(1*)100",FALSE
"bg","da",40,"4*10","4*base",FALSE
"bg","da",20,"2*10","2*base",FALSE
"bg","da",80,"8*10","4*20",FALSE
"bg","da",30,"3*10","3*base",FALSE
"bg","da",11,"1+10","atom",FALSE
"bg","da",50,"5*10","2.5*20",FALSE
"bg","da",12,"2+10","atom",FALSE
"bg","da",9,"atom","atom",TRUE
"bg","da",10,"atom","atom",TRUE
"bg","da",6,"atom","atom",TRUE
"bg","da",7,"atom","atom",TRUE
"bg","da",8,"atom","atom",TRUE
"bg","da",3,"atom","atom",TRUE
"bg","da",5,"atom","atom",TRUE
"bg","da",4,"atom","atom",TRUE
"hu","pt",7,"atom","atom",TRUE
"hu","pt",1,"atom","atom",TRUE
"hu","pt",1000,"1000","1000",TRUE
"hu","pt",7,"atom","atom",TRUE
"hu","pt",100,"100","100",TRUE
"hu","pt",100,"100","100",TRUE
"hu","pt",3,"atom","atom",TRUE
"hu","pt",20,"2*10","atom",FALSE
"hu","pt",5,"atom","atom",TRUE
"hu","pt",6,"atom","atom",TRUE
"hu","pt",30,"3*10","3*base",FALSE
"hu","pt",4,"atom","atom",TRUE
"hu","pt",10,"atom","atom",TRUE
"hu","pt",9,"atom","atom",TRUE
"hu","pt",60,"6*10","6*base",FALSE
"hu","pt",11,"10+1","1+10",FALSE
"hu","pt",8,"atom","atom",TRUE
"hu","pt",90,"9*10","9*base",FALSE
"hu","pt",70,"7*10","7*base",FALSE
"hu","pt",40,"4*10","4*base",FALSE
"hu","pt",80,"8*10","8*base",FALSE
"hu","pt",50,"5*10","5*base",FALSE
"en","ru",1,"atom","atom",TRUE
"en","ru",2,"atom","atom",TRUE
"en","ru",3,"atom","atom",TRUE
"en","ru",70,"7*10","7*10",TRUE
"en","ru",90,"9*10","9*base",FALSE
"en","ru",4,"atom","atom",TRUE
"en","ru",10,"atom","atom",TRUE
"en","ru",11,"atom","1+10",FALSE
"en","ru",5,"atom","atom",TRUE
"en","ru",40,"4*10","atom",FALSE
"en","ru",12,"atom","2+10",FALSE
"en","ru",6,"atom","atom",TRUE
"en","ru",50,"5*10","5*10",TRUE
"en","ru",8,"atom","atom",TRUE
"en","ru",7,"atom","atom",TRUE
"en","ru",30,"3*10","3*base",FALSE
"en","ru",60,"6*10","6*10",TRUE
"en","ru",80,"8*10","8*10",TRUE
"en","ru",20,"2*10","2*base",FALSE
"en","ru",9,"atom","atom",TRUE
"sv","fi",1,"atom","atom",TRUE
"sv","fi",1000,"(1*)1000","1000",FALSE
"sv","fi",2,"atom","atom",TRUE
"sv","fi",100,"(1*)100","100",FALSE
"sv","fi",3,"atom","atom",TRUE
"sv","fi",40,"4*10","4*10",TRUE
"sv","fi",30,"3*10","3*10",TRUE
"sv","fi",20,"atom","2*10",FALSE
"sv","fi",4,"atom","atom",TRUE
"sv","fi",50,"5*10","5*10",TRUE
"sv","fi",8,"atom","atom",TRUE
"sv","fi",6,"atom","atom",TRUE
"sv","fi",11,"atom","1+2ndbase",FALSE
"sv","fi",90,"9*10","9*10",TRUE
"sv","fi",70,"7*10","7*10",TRUE
"sv","fi",80,"8*10","8*10",TRUE
"sv","fi",10,"atom","atom",TRUE
"sv","fi",60,"6*10","6*10",TRUE
"sv","fi",5,"atom","atom",TRUE
"sv","fi",12,"atom","2+2ndbase",FALSE
"sv","fi",7,"atom","atom",TRUE
"sv","fi",9,"atom","atom",TRUE
"es","sv",1,"atom","atom",TRUE
"es","sv",1,"atom","atom",TRUE
"es","sv",2,"atom","atom",TRUE
"es","sv",100,"100","(1*)100",FALSE
"es","sv",1000,"1000","(1*)1000",FALSE
"es","sv",90,"9*base","9*10",FALSE
"es","sv",40,"4*base","4*10",FALSE
"es","sv",60,"6*base","6*10",FALSE
"es","sv",30,"3*base","3*10",FALSE
"es","sv",70,"7*base","7*10",FALSE
"es","sv",50,"5*base","5*10",FALSE
"es","sv",20,"atom","atom",TRUE
"es","sv",80,"8*base","8*10",FALSE
"es","sv",4,"atom","atom",TRUE
"es","sv",8,"atom","atom",TRUE
"es","sv",10,"atom","atom",TRUE
"es","sv",5,"atom","atom",TRUE
"es","sv",6,"atom","atom",TRUE
"es","sv",11,"1+base","atom",FALSE
"es","sv",12,"2+base","atom",FALSE
"es","sv",9,"atom","atom",TRUE
"no","fi",3,"atom","atom",TRUE
"no","fi",1,"atom","atom",TRUE
"no","fi",1000,"(1*)1000","1000",FALSE
"no","fi",2,"atom","atom",TRUE
"no","fi",3,"atom","atom",TRUE
"no","fi",100,"(1*)100","100",FALSE
"no","fi",4,"atom","atom",TRUE
"no","fi",7,"atom","atom",TRUE
"no","fi",6,"atom","atom",TRUE
"no","fi",5,"atom","atom",TRUE
"no","fi",8,"atom","atom",TRUE
"no","fi",11,"atom","1+2ndbase",FALSE
"no","fi",50,"5*10","5*10",TRUE
"no","fi",40,"4*10/4*baseS","4*10",TRUE
"no","fi",10,"atom","atom",TRUE
"no","fi",70,"7*10","7*10",TRUE
"no","fi",80,"8*10","8*10",TRUE
"no","fi",20,"atom","2*10",FALSE
"no","fi",12,"atom","2+2ndbase",FALSE
"no","fi",9,"atom","atom",TRUE
"no","fi",60,"6*10","6*10",TRUE
"no","fi",90,"9*10","9*10",TRUE
"no","fi",30,"3*10/3*base","3*10",TRUE
"hu","no",7,"atom","atom",TRUE
"hu","no",1,"atom","atom",TRUE
"hu","no",1,"atom","atom",TRUE
"hu","no",1000,"1000","(1*)1000",FALSE
"hu","no",3,"atom","atom",TRUE
"hu","no",7,"atom","atom",TRUE
"hu","no",100,"100","(1*)100",FALSE
"hu","no",4,"atom","atom",TRUE
"hu","no",11,"10+1","atom",FALSE
"hu","no",9,"atom","atom",TRUE
"hu","no",5,"atom","atom",TRUE
"hu","no",6,"atom","atom",TRUE
"hu","no",20,"2*10","atom",FALSE
"hu","no",8,"atom","atom",TRUE
"hu","no",10,"atom","atom",TRUE
"hu","no",90,"9*10","9*10",TRUE
"hu","no",40,"4*10","4*10/4*baseS",FALSE
"hu","no",60,"6*10","6*10",TRUE
"hu","no",50,"5*10","5*10",TRUE
"hu","no",80,"8*10","8*10",TRUE
"hu","no",30,"3*10","3*10/3*base",FALSE
"hu","no",70,"7*10","7*10",TRUE
"de","uk",1000,"1000","1000",TRUE
"de","uk",100,"100","100",TRUE
"de","uk",2,"atom","atom",TRUE
"de","uk",40,"4*10","atom",FALSE
"de","uk",80,"8*10","8*10",TRUE
"de","uk",70,"7*10","7*10",TRUE
"de","uk",3,"atom","atom",TRUE
"de","uk",10,"atom","atom",TRUE
"de","uk",30,"3*10","3*10",TRUE
"de","uk",60,"6*10","6*10",TRUE
"de","uk",4,"atom","atom",TRUE
"de","uk",12,"atom","2+10",FALSE
"de","uk",20,"2*10","2*10",TRUE
"de","uk",11,"atom","1+10",FALSE
"de","uk",6,"atom","atom",TRUE
"de","uk",8,"atom","atom",TRUE
"en","fr",1,"atom","atom",TRUE
"en","fr",2,"atom","atom",TRUE
"en","fr",10,"atom","atom",TRUE
"en","fr",3,"atom","atom",TRUE
"en","fr",9,"atom","atom",TRUE
"en","fr",11,"atom","1+base",FALSE
"en","fr",20,"2*10","atom",FALSE
"en","fr",60,"6*10","6*base",FALSE
"en","fr",30,"3*10","3*base",FALSE
"en","fr",40,"4*10","4*base",FALSE
"en","fr",50,"5*10","5*base",FALSE
"en","fr",8,"atom","atom",TRUE
"en","fr",12,"atom","2+base",FALSE
"en","fr",5,"atom","atom",TRUE
"en","fr",7,"atom","atom",TRUE
"en","fr",4,"atom","atom",TRUE
"en","fr",6,"atom","atom",TRUE
"cs","bg",1,"atom","atom",TRUE
"cs","bg",2,"atom","atom",TRUE
"cs","bg",1000,"1000","1000",TRUE
"cs","bg",3,"atom","atom",TRUE
"cs","bg",11,"1+base","1+10",FALSE
"cs","bg",8,"atom","atom",TRUE
"cs","bg",4,"atom","atom",TRUE
"cs","bg",6,"atom","atom",TRUE
"cs","bg",11,"1+base","1+10",FALSE
"cs","bg",20,"2*base","2*10",FALSE
"cs","bg",7,"atom","atom",TRUE
"cs","bg",10,"atom","atom",TRUE
"cs","bg",9,"atom","atom",TRUE
"cs","bg",20,"2*base","2*10",FALSE
"cs","bg",12,"2+base","2+10",FALSE
"cs","bg",30,"3*base","3*10",FALSE
"cs","bg",100,"100","100",TRUE
"cs","bg",40,"4*base","4*10",FALSE
"cs","bg",12,"2+base","2+10",FALSE
"cs","bg",80,"8*10","8*10",TRUE
"cs","bg",60,"6*10","6*10",TRUE
"cs","bg",90,"9*10","9*10",TRUE
"cs","bg",70,"7*10","7*10",TRUE
"cs","fi",1,"atom","atom",TRUE
"cs","fi",2,"atom","atom",TRUE
"cs","fi",1000,"1000","1000",TRUE
"cs","fi",3,"atom","atom",TRUE
"cs","fi",100,"100","100",TRUE
"cs","fi",11,"1+base","1+2ndbase",FALSE
"cs","fi",4,"atom","atom",TRUE
"cs","fi",10,"atom","atom",TRUE
"cs","fi",6,"atom","atom",TRUE
"cs","fi",8,"atom","atom",TRUE
"cs","fi",9,"atom","atom",TRUE
"cs","fi",12,"2+base","2+2ndbase",FALSE
"cs","fi",20,"2*base","2*10",FALSE
"cs","fi",7,"atom","atom",TRUE
"cs","fi",60,"6*10","6*10",TRUE
"cs","fi",30,"3*base","3*10",FALSE
"cs","fi",80,"8*10","8*10",TRUE
"cs","fi",70,"7*10","7*10",TRUE
"cs","fi",40,"4*base","4*10",FALSE
"cs","fi",90,"9*10","9*10",TRUE
"en","hu",1,"atom","atom",TRUE
"en","hu",2,"atom","atom",TRUE
"en","hu",7,"atom","atom",TRUE
"en","hu",3,"atom","atom",TRUE
"en","hu",12,"atom","10+2",FALSE
"en","hu",4,"atom","atom",TRUE
"en","hu",5,"atom","atom",TRUE
"en","hu",6,"atom","atom",TRUE
"en","hu",11,"atom","10+1",FALSE
"en","hu",80,"8*10","8*10",TRUE
"en","hu",9,"atom","atom",TRUE
"en","hu",30,"3*10","3*10",TRUE
"en","hu",20,"2*10","2*10",TRUE
"en","hu",10,"atom","atom",TRUE
"en","hu",70,"7*10","7*10",TRUE
"en","hu",8,"atom","atom",TRUE
"en","hu",60,"6*10","6*10",TRUE
"en","hu",50,"5*10","5*10",TRUE
"en","hu",40,"4*10","4*10",TRUE
"en","hu",90,"9*10","9*10",TRUE
"fr","fi",9,"atom","atom",TRUE
"fr","fi",1,"atom","atom",TRUE
"fr","fi",1000,"1000","1000",TRUE
"fr","fi",2,"atom","atom",TRUE
"fr","fi",100,"100","100",TRUE
"fr","fi",9,"atom","atom",TRUE
"fr","fi",60,"6*base","6*10",FALSE
"fr","fi",6,"atom","atom",TRUE
"fr","fi",5,"atom","atom",TRUE
"fr","fi",40,"4*base","4*10",FALSE
"fr","fi",20,"atom","2*10",FALSE
"fr","fi",30,"3*base","3*10",FALSE
"fr","fi",8,"atom","atom",TRUE
"fr","fi",50,"5*base","5*10",FALSE
"fr","fi",4,"atom","atom",TRUE
"es","fi",1,"atom","atom",TRUE
"es","fi",2,"atom","atom",TRUE
"es","fi",1000,"1000","1000",TRUE
"es","fi",100,"100","100",TRUE
"es","fi",90,"9*base","9*10",FALSE
"es","fi",4,"atom","atom",TRUE
"es","fi",6,"atom","atom",TRUE
"es","fi",60,"6*base","6*10",FALSE
"es","fi",70,"7*base","7*10",FALSE
"es","fi",11,"1+base","1+2ndbase",FALSE
"es","fi",5,"atom","atom",TRUE
"es","fi",80,"8*base","8*10",FALSE
"es","fi",20,"atom","2*10",FALSE
"es","fi",10,"atom","atom",TRUE
"es","fi",12,"2+base","2+2ndbase",FALSE
"es","fi",8,"atom","atom",TRUE
"es","fi",40,"4*base","4*10",FALSE
"es","fi",30,"3*base","3*10",FALSE
"es","fi",50,"5*base","5*10",FALSE
"es","fi",9,"atom","atom",TRUE
"hu","ru",7,"atom","atom",TRUE
"hu","ru",1,"atom","atom",TRUE
"hu","ru",1000,"1000","1000",TRUE
"hu","ru",7,"atom","atom",TRUE
"hu","ru",3,"atom","atom",TRUE
"hu","ru",100,"100","100",TRUE
"hu","ru",6,"atom","atom",TRUE
"hu","ru",4,"atom","atom",TRUE
"hu","ru",10,"atom","atom",TRUE
"hu","ru",5,"atom","atom",TRUE
"hu","ru",11,"10+1","1+10",FALSE
"hu","ru",8,"atom","atom",TRUE
"hu","ru",9,"atom","atom",TRUE
"hu","ru",30,"3*10","3*base",FALSE
"hu","ru",40,"4*10","atom",FALSE
"hu","ru",20,"2*10","2*base",FALSE
"hu","ru",70,"7*10","7*10",TRUE
"hu","ru",80,"8*10","8*10",TRUE
"hu","ru",50,"5*10","5*10",TRUE
"hu","ru",90,"9*10","9*base",FALSE
"hu","ru",60,"6*10","6*10",TRUE
"uk","da",1,"atom","atom",TRUE
"uk","da",1,"atom","atom",TRUE
"uk","da",70,"7*10","3.5*20",FALSE
"uk","da",1000,"1000","(1*)1000",FALSE
"uk","da",40,"atom","4*base",FALSE
"uk","da",100,"100","(1*)100",FALSE
"uk","da",7,"atom","atom",TRUE
"uk","da",60,"6*10","3*20",FALSE
"uk","da",40,"atom","4*base",FALSE
"uk","da",80,"8*10","4*20",FALSE
"uk","da",30,"3*10","3*base",FALSE
"uk","da",2,"atom","atom",TRUE
"uk","da",20,"2*10","2*base",FALSE
"uk","da",10,"atom","atom",TRUE
"uk","da",11,"1+10","atom",FALSE
"uk","da",12,"2+10","atom",FALSE
"uk","da",3,"atom","atom",TRUE
"uk","da",6,"atom","atom",TRUE
"uk","da",8,"atom","atom",TRUE
"uk","da",4,"atom","atom",TRUE
"nl","uk",7,"atom","atom",TRUE
"nl","uk",1000,"1000","1000",TRUE
"nl","uk",80,"8*10","8*10",TRUE
"nl","uk",100,"100","100",TRUE
"nl","uk",70,"7*10","7*10",TRUE
"nl","uk",60,"6*10","6*10",TRUE
"nl","uk",2,"atom","atom",TRUE
"nl","uk",10,"atom","atom",TRUE
"nl","uk",8,"atom","atom",TRUE
"nl","uk",12,"atom","2+10",FALSE
"nl","uk",30,"3*10","3*10",TRUE
"nl","uk",3,"atom","atom",TRUE
"nl","uk",4,"atom","atom",TRUE
"nl","uk",6,"atom","atom",TRUE
"nl","uk",40,"4*10","atom",FALSE
"nl","uk",11,"atom","1+10",FALSE
"nl","uk",20,"2*10","2*10",TRUE
"uk","bg",1,"atom","atom",TRUE
"uk","bg",1,"atom","atom",TRUE
"uk","bg",7,"atom","atom",TRUE
"uk","bg",1000,"1000","1000",TRUE
"uk","bg",2,"atom","atom",TRUE
"uk","bg",3,"atom","atom",TRUE
"uk","bg",11,"1+10","1+10",TRUE
"uk","bg",20,"2*10","2*10",TRUE
"uk","bg",4,"atom","atom",TRUE
"uk","bg",12,"2+10","2+10",TRUE
"uk","bg",6,"atom","atom",TRUE
"uk","bg",11,"1+10","1+10",TRUE
"uk","bg",8,"atom","atom",TRUE
"uk","bg",10,"atom","atom",TRUE
"uk","bg",100,"100","100",TRUE
"uk","bg",30,"3*10","3*10",TRUE
"uk","bg",40,"atom","4*10",FALSE
"uk","bg",12,"2+10","2+10",TRUE
"uk","bg",20,"2*10","2*10",TRUE
"uk","bg",60,"6*10","6*10",TRUE
"uk","bg",80,"8*10","8*10",TRUE
"uk","bg",70,"7*10","7*10",TRUE
"es","nl",1,"atom","atom",TRUE
"es","nl",1000,"1000","1000",TRUE
"es","nl",100,"100","100",TRUE
"es","nl",70,"7*base","7*10",FALSE
"es","nl",90,"9*base","9*10",FALSE
"es","nl",80,"8*base","8*10",FALSE
"es","nl",60,"6*base","6*10",FALSE
"es","nl",50,"5*base","5*10",FALSE
"es","nl",2,"atom","atom",TRUE
"es","nl",10,"atom","atom",TRUE
"es","nl",30,"3*base","3*10",FALSE
"es","nl",8,"atom","atom",TRUE
"es","nl",6,"atom","atom",TRUE
"es","nl",5,"atom","atom",TRUE
"es","nl",20,"atom","2*10",FALSE
"es","nl",4,"atom","atom",TRUE
"es","nl",12,"2+base","atom",FALSE
"es","nl",11,"1+base","atom",FALSE
"es","nl",9,"atom","atom",TRUE
"es","nl",40,"4*base","4*10",FALSE
"fr","no",9,"atom","atom",TRUE
"fr","no",1,"atom","atom",TRUE
"fr","no",1,"atom","atom",TRUE
"fr","no",1000,"1000","(1*)1000",FALSE
"fr","no",2,"atom","atom",TRUE
"fr","no",100,"100","(1*)100",FALSE
"fr","no",9,"atom","atom",TRUE
"fr","no",4,"atom","atom",TRUE
"fr","no",5,"atom","atom",TRUE
"fr","no",8,"atom","atom",TRUE
"fr","no",40,"4*base","4*10/4*baseS",FALSE
"fr","no",6,"atom","atom",TRUE
"fr","no",50,"5*base","5*10",FALSE
"fr","no",30,"3*base","3*10/3*base",FALSE
"fr","no",60,"6*base","6*10",FALSE
"fr","no",20,"atom","atom",TRUE
"es","de",1,"atom","atom",TRUE
"es","de",1000,"1000","1000",TRUE
"es","de",100,"100","100",TRUE
"es","de",90,"9*base","9*10",FALSE
"es","de",2,"atom","atom",TRUE
"es","de",80,"8*base","8*10",FALSE
"es","de",60,"6*base","6*10",FALSE
"es","de",70,"7*base","7*10",FALSE
"es","de",40,"4*base","4*10",FALSE
"es","de",50,"5*base","5*10",FALSE
"es","de",10,"atom","atom",TRUE
"es","de",20,"atom","2*10",FALSE
"es","de",30,"3*base","3*10",FALSE
"es","de",11,"1+base","atom",FALSE
"es","de",12,"2+base","atom",FALSE
"es","de",6,"atom","atom",TRUE
"es","de",9,"atom","atom",TRUE
"es","de",5,"atom","atom",TRUE
"es","de",8,"atom","atom",TRUE
"es","de",4,"atom","atom",TRUE
"de","fr",1000,"1000","1000",TRUE
"de","fr",100,"100","100",TRUE
"de","fr",2,"atom","atom",TRUE
"de","fr",40,"4*10","4*base",FALSE
"de","fr",10,"atom","atom",TRUE
"de","fr",30,"3*10","3*base",FALSE
"de","fr",9,"atom","atom",TRUE
"de","fr",60,"6*10","6*base",FALSE
"de","fr",20,"2*10","atom",FALSE
"de","fr",11,"atom","1+base",FALSE
"de","fr",12,"atom","2+base",FALSE
"de","fr",50,"5*10","5*base",FALSE
"de","fr",6,"atom","atom",TRUE
"de","fr",8,"atom","atom",TRUE
"de","fr",5,"atom","atom",TRUE
"de","fr",3,"atom","atom",TRUE
"de","fr",4,"atom","atom",TRUE
"it","uk",1,"atom","atom",TRUE
"it","uk",1000,"1000","1000",TRUE
"it","uk",7,"atom","atom",TRUE
"it","uk",80,"8*base","8*10",FALSE
"it","uk",100,"100","100",TRUE
"it","uk",70,"7*base","7*10",FALSE
"it","uk",60,"6*base","6*10",FALSE
"it","uk",12,"2+10","2+10",TRUE
"it","uk",2,"atom","atom",TRUE
"it","uk",30,"3*base","3*10",FALSE
"it","uk",10,"atom","atom",TRUE
"it","uk",6,"atom","atom",TRUE
"it","uk",20,"atom","2*10",FALSE
"it","uk",40,"4*base","atom",FALSE
"it","uk",3,"atom","atom",TRUE
"it","uk",8,"atom","atom",TRUE
"it","uk",4,"atom","atom",TRUE
"fr","sv",9,"atom","atom",TRUE
"fr","sv",1,"atom","atom",TRUE
"fr","sv",1,"atom","atom",TRUE
"fr","sv",2,"atom","atom",TRUE
"fr","sv",1000,"1000","(1*)1000",FALSE
"fr","sv",100,"100","(1*)100",FALSE
"fr","sv",40,"4*base","4*10",FALSE
"fr","sv",30,"3*base","3*10",FALSE
"fr","sv",50,"5*base","5*10",FALSE
"fr","sv",60,"6*base","6*10",FALSE
"fr","sv",20,"atom","atom",TRUE
"fr","sv",8,"atom","atom",TRUE
"fr","sv",9,"atom","atom",TRUE
"fr","sv",5,"atom","atom",TRUE
"fr","sv",4,"atom","atom",TRUE
"fr","sv",6,"atom","atom",TRUE
"nl","sv",1000,"1000","(1*)1000",FALSE
"nl","sv",100,"100","(1*)100",FALSE
"nl","sv",2,"atom","atom",TRUE
"nl","sv",60,"6*10","6*10",TRUE
"nl","sv",70,"7*10","7*10",TRUE
"nl","sv",80,"8*10","8*10",TRUE
"nl","sv",90,"9*10","9*10",TRUE
"nl","sv",50,"5*10","5*10",TRUE
"nl","sv",30,"3*10","3*10",TRUE
"nl","sv",3,"atom","atom",TRUE
"nl","sv",40,"4*10","4*10",TRUE
"nl","sv",20,"2*10","atom",FALSE
"nl","sv",10,"atom","atom",TRUE
"nl","sv",8,"atom","atom",TRUE
"nl","sv",4,"atom","atom",TRUE
"nl","sv",5,"atom","atom",TRUE
"nl","sv",7,"atom","atom",TRUE
"nl","sv",9,"atom","atom",TRUE
"nl","sv",6,"atom","atom",TRUE
"nl","sv",12,"atom","atom",TRUE
"nl","sv",11,"atom","atom",TRUE
"cs","ru",1,"atom","atom",TRUE
"cs","ru",2,"atom","atom",TRUE
"cs","ru",1000,"1000","1000",TRUE
"cs","ru",3,"atom","atom",TRUE
"cs","ru",4,"atom","atom",TRUE
"cs","ru",100,"100","100",TRUE
"cs","ru",10,"atom","atom",TRUE
"cs","ru",8,"atom","atom",TRUE
"cs","ru",6,"atom","atom",TRUE
"cs","ru",90,"9*10","9*base",FALSE
"cs","ru",9,"atom","atom",TRUE
"cs","ru",70,"7*10","7*10",TRUE
"cs","ru",30,"3*base","3*base",TRUE
"cs","ru",11,"1+base","1+10",FALSE
"cs","ru",20,"2*base","2*base",TRUE
"cs","ru",7,"atom","atom",TRUE
"cs","ru",80,"8*10","8*10",TRUE
"cs","ru",60,"6*10","6*10",TRUE
"cs","ru",40,"4*base","atom",FALSE
"cs","ru",12,"2+base","2+10",FALSE
"en","de",1,"atom","atom",TRUE
"en","de",2,"atom","atom",TRUE
"en","de",80,"8*10","8*10",TRUE
"en","de",70,"7*10","7*10",TRUE
"en","de",90,"9*10","9*10",TRUE
"en","de",50,"5*10","5*10",TRUE
"en","de",11,"atom","atom",TRUE
"en","de",30,"3*10","3*10",TRUE
"en","de",20,"2*10","2*10",TRUE
"en","de",3,"atom","atom",TRUE
"en","de",40,"4*10","4*10",TRUE
"en","de",10,"atom","atom",TRUE
"en","de",12,"atom","atom",TRUE
"en","de",60,"6*10","6*10",TRUE
"en","de",5,"atom","atom",TRUE
"en","de",8,"atom","atom",TRUE
"en","de",6,"atom","atom",TRUE
"en","de",9,"atom","atom",TRUE
"en","de",4,"atom","atom",TRUE
"en","de",7,"atom","atom",TRUE
"hu","cs",7,"atom","atom",TRUE
"hu","cs",1,"atom","atom",TRUE
"hu","cs",1000,"1000","1000",TRUE
"hu","cs",3,"atom","atom",TRUE
"hu","cs",7,"atom","atom",TRUE
"hu","cs",4,"atom","atom",TRUE
"hu","cs",6,"atom","atom",TRUE
"hu","cs",9,"atom","atom",TRUE
"hu","cs",8,"atom","atom",TRUE
"hu","cs",5,"atom","atom",TRUE
"hu","cs",11,"10+1","1+base",FALSE
"hu","cs",100,"100","100",TRUE
"hu","cs",10,"atom","atom",TRUE
"hu","cs",30,"3*10","3*base",FALSE
"hu","cs",20,"2*10","2*base",FALSE
"hu","cs",90,"9*10","9*10",TRUE
"hu","cs",50,"5*10","5*10",TRUE
"hu","cs",60,"6*10","6*10",TRUE
"hu","cs",80,"8*10","8*10",TRUE
"hu","cs",40,"4*10","4*base",FALSE
"hu","cs",70,"7*10","7*10",TRUE
"pt","no",1000,"1000","(1*)1000",FALSE
"pt","no",2,"atom","atom",TRUE
"pt","no",100,"100","(1*)100",FALSE
"pt","no",3,"atom","atom",TRUE
"pt","no",5,"atom","atom",TRUE
"pt","no",4,"atom","atom",TRUE
"pt","no",6,"atom","atom",TRUE
"pt","no",10,"atom","atom",TRUE
"pt","no",8,"atom","atom",TRUE
"pt","no",90,"9*base","9*10",FALSE
"pt","no",11,"1+10","atom",FALSE
"pt","no",9,"atom","atom",TRUE
"pt","no",50,"5*base","5*10",FALSE
"pt","no",40,"4*base","4*10/4*baseS",FALSE
"pt","no",12,"2+10","atom",FALSE
"pt","no",80,"8*base","8*10",FALSE
"pt","no",70,"7*base","7*10",FALSE
"pt","no",20,"atom","atom",TRUE
"pt","no",30,"3*base","3*10/3*base",FALSE
"pt","no",60,"6*base","6*10",FALSE
"nl","da",60,"6*10","3*20",FALSE
"nl","da",40,"4*10","4*base",FALSE
"nl","da",70,"7*10","3.5*20",FALSE
"nl","da",80,"8*10","4*20",FALSE
"nl","da",90,"9*10","4.5*20",FALSE
"nl","da",1000,"1000","(1*)1000",FALSE
"nl","da",50,"5*10","2.5*20",FALSE
"nl","da",40,"4*10","4*base",FALSE
"nl","da",100,"100","(1*)100",FALSE
"nl","da",30,"3*10","3*base",FALSE
"nl","da",20,"2*10","2*base",FALSE
"nl","da",2,"atom","atom",TRUE
"nl","da",11,"atom","atom",TRUE
"nl","da",3,"atom","atom",TRUE
"nl","da",10,"atom","atom",TRUE
"nl","da",9,"atom","atom",TRUE
"nl","da",12,"atom","atom",TRUE
"nl","da",6,"atom","atom",TRUE
"nl","da",5,"atom","atom",TRUE
"nl","da",8,"atom","atom",TRUE
"nl","da",7,"atom","atom",TRUE
"nl","da",4,"atom","atom",TRUE
"sv","no",1,"atom","atom",TRUE
"sv","no",1,"atom","atom",TRUE
"sv","no",2,"atom","atom",TRUE
"sv","no",1000,"(1*)1000","(1*)1000",TRUE
"sv","no",100,"(1*)100","(1*)100",TRUE
"sv","no",3,"atom","atom",TRUE
"sv","no",4,"atom","atom",TRUE
"sv","no",50,"5*10","5*10",TRUE
"sv","no",40,"4*10","4*10/4*baseS",FALSE
"sv","no",90,"9*10","9*10",TRUE
"sv","no",30,"3*10","3*10/3*base",FALSE
"sv","no",20,"atom","atom",TRUE
"sv","no",7,"atom","atom",TRUE
"sv","no",10,"atom","atom",TRUE
"sv","no",6,"atom","atom",TRUE
"sv","no",5,"atom","atom",TRUE
"sv","no",80,"8*10","8*10",TRUE
"sv","no",8,"atom","atom",TRUE
"sv","no",70,"7*10","7*10",TRUE
"sv","no",60,"6*10","6*10",TRUE
"sv","no",9,"atom","atom",TRUE
"sv","no",11,"atom","atom",TRUE
"sv","no",12,"atom","atom",TRUE
"de","cs",1000,"1000","1000",TRUE
"de","cs",2,"atom","atom",TRUE
"de","cs",100,"100","100",TRUE
"de","cs",3,"atom","atom",TRUE
"de","cs",11,"atom","1+base",FALSE
"de","cs",10,"atom","atom",TRUE
"de","cs",4,"atom","atom",TRUE
"de","cs",5,"atom","atom",TRUE
"de","cs",9,"atom","atom",TRUE
"de","cs",90,"9*10","9*10",TRUE
"de","cs",8,"atom","atom",TRUE
"de","cs",50,"5*10","5*10",TRUE
"de","cs",12,"atom","2+base",FALSE
"de","cs",70,"7*10","7*10",TRUE
"de","cs",80,"8*10","8*10",TRUE
"de","cs",20,"2*10","2*base",FALSE
"de","cs",30,"3*10","3*base",FALSE
"de","cs",6,"atom","atom",TRUE
"de","cs",40,"4*10","4*base",FALSE
"de","cs",60,"6*10","6*10",TRUE
"it","es",1,"atom","atom",TRUE
"it","es",1000,"1000","1000",TRUE
"it","es",100,"100","100",TRUE
"it","es",100,"100","100",TRUE
"it","es",90,"9*base","9*base",TRUE
"it","es",80,"8*base","8*base",TRUE
"it","es",70,"7*base","7*base",TRUE
"it","es",50,"5*base","5*base",TRUE
"it","es",60,"6*base","6*base",TRUE
"it","es",30,"3*base","3*base",TRUE
"it","es",6,"atom","atom",TRUE
"it","es",2,"atom","atom",TRUE
"it","es",40,"4*base","4*base",TRUE
"it","es",9,"atom","atom",TRUE
"it","es",3,"atom","atom",TRUE
"it","es",20,"atom","atom",TRUE
"it","es",5,"atom","atom",TRUE
"it","es",7,"atom","atom",TRUE
"it","es",12,"2+10","2+base",FALSE
"it","es",4,"atom","atom",TRUE
"it","es",10,"atom","atom",TRUE
"it","es",8,"atom","atom",TRUE
"pt","cs",2,"atom","atom",TRUE
"pt","cs",1000,"1000","1000",TRUE
"pt","cs",3,"atom","atom",TRUE
"pt","cs",100,"100","100",TRUE
"pt","cs",4,"atom","atom",TRUE
"pt","cs",11,"1+10","1+base",FALSE
"pt","cs",10,"atom","atom",TRUE
"pt","cs",6,"atom","atom",TRUE
"pt","cs",8,"atom","atom",TRUE
"pt","cs",5,"atom","atom",TRUE
"pt","cs",9,"atom","atom",TRUE
"pt","cs",50,"5*base","5*10",FALSE
"pt","cs",20,"atom","2*base",FALSE
"pt","cs",70,"7*base","7*10",FALSE
"pt","cs",12,"2+10","2+base",FALSE
"pt","cs",60,"6*base","6*10",FALSE
"pt","cs",30,"3*base","3*base",TRUE
"pt","cs",80,"8*base","8*10",FALSE
"pt","cs",90,"9*base","9*10",FALSE
"pt","cs",40,"4*base","4*base",TRUE
"es","cs",1,"atom","atom",TRUE
"es","cs",2,"atom","atom",TRUE
"es","cs",1000,"1000","1000",TRUE
"es","cs",100,"100","100",TRUE
"es","cs",90,"9*base","9*10",FALSE
"es","cs",11,"1+base","1+base",TRUE
"es","cs",4,"atom","atom",TRUE
"es","cs",5,"atom","atom",TRUE
"es","cs",6,"atom","atom",TRUE
"es","cs",8,"atom","atom",TRUE
"es","cs",9,"atom","atom",TRUE
"es","cs",12,"2+base","2+base",TRUE
"es","cs",70,"7*base","7*10",FALSE
"es","cs",80,"8*base","8*10",FALSE
"es","cs",10,"atom","atom",TRUE
"es","cs",60,"6*base","6*10",FALSE
"es","cs",20,"atom","2*base",FALSE
"es","cs",30,"3*base","3*base",TRUE
"es","cs",50,"5*base","5*10",FALSE
"es","cs",40,"4*base","4*base",TRUE
"nl","fr",1000,"1000","1000",TRUE
"nl","fr",60,"6*10","6*base",FALSE
"nl","fr",50,"5*10","5*base",FALSE
"nl","fr",2,"atom","atom",TRUE
"nl","fr",100,"100","100",TRUE
"nl","fr",10,"atom","atom",TRUE
"nl","fr",3,"atom","atom",TRUE
"nl","fr",30,"3*10","3*base",FALSE
"nl","fr",9,"atom","atom",TRUE
"nl","fr",40,"4*10","4*base",FALSE
"nl","fr",8,"atom","atom",TRUE
"nl","fr",20,"2*10","atom",FALSE
"nl","fr",4,"atom","atom",TRUE
"nl","fr",12,"atom","2+base",FALSE
"nl","fr",7,"atom","atom",TRUE
"nl","fr",5,"atom","atom",TRUE
"nl","fr",6,"atom","atom",TRUE
"nl","fr",11,"atom","1+base",FALSE
"pt","nl",1000,"1000","1000",TRUE
"pt","nl",70,"7*base","7*10",FALSE
"pt","nl",90,"9*base","9*10",FALSE
"pt","nl",100,"100","100",TRUE
"pt","nl",80,"8*base","8*10",FALSE
"pt","nl",60,"6*base","6*10",FALSE
"pt","nl",2,"atom","atom",TRUE
"pt","nl",50,"5*base","5*10",FALSE
"pt","nl",3,"atom","atom",TRUE
"pt","nl",8,"atom","atom",TRUE
"pt","nl",10,"atom","atom",TRUE
"pt","nl",5,"atom","atom",TRUE
"pt","nl",4,"atom","atom",TRUE
"pt","nl",6,"atom","atom",TRUE
"pt","nl",12,"2+10","atom",FALSE
"pt","nl",9,"atom","atom",TRUE
"pt","nl",30,"3*base","3*10",FALSE
"pt","nl",11,"1+10","atom",FALSE
"pt","nl",40,"4*base","4*10",FALSE
"pt","nl",20,"atom","2*10",FALSE
"en","sv",1,"atom","atom",TRUE
"en","sv",1,"atom","atom",TRUE
"en","sv",2,"atom","atom",TRUE
"en","sv",3,"atom","atom",TRUE
"en","sv",40,"4*10","4*10",TRUE
"en","sv",90,"9*10","9*10",TRUE
"en","sv",20,"2*10","atom",FALSE
"en","sv",30,"3*10","3*10",TRUE
"en","sv",50,"5*10","5*10",TRUE
"en","sv",70,"7*10","7*10",TRUE
"en","sv",80,"8*10","8*10",TRUE
"en","sv",4,"atom","atom",TRUE
"en","sv",60,"6*10","6*10",TRUE
"en","sv",10,"atom","atom",TRUE
"en","sv",8,"atom","atom",TRUE
"en","sv",5,"atom","atom",TRUE
"en","sv",6,"atom","atom",TRUE
"en","sv",7,"atom","atom",TRUE
"en","sv",11,"atom","atom",TRUE
"en","sv",12,"atom","atom",TRUE
"en","sv",9,"atom","atom",TRUE
"ru","da",1,"atom","atom",TRUE
"ru","da",70,"7*10","3.5*20",FALSE
"ru","da",1,"atom","atom",TRUE
"ru","da",40,"atom","4*base",FALSE
"ru","da",1000,"1000","(1*)1000",FALSE
"ru","da",90,"9*base","4.5*20",FALSE
"ru","da",40,"atom","4*base",FALSE
"ru","da",100,"100","(1*)100",FALSE
"ru","da",80,"8*10","4*20",FALSE
"ru","da",60,"6*10","3*20",FALSE
"ru","da",50,"5*10","2.5*20",FALSE
"ru","da",11,"1+10","atom",FALSE
"ru","da",30,"3*base","3*base",TRUE
"ru","da",20,"2*base","2*base",TRUE
"ru","da",2,"atom","atom",TRUE
"ru","da",10,"atom","atom",TRUE
"ru","da",5,"atom","atom",TRUE
"ru","da",12,"2+10","atom",FALSE
"ru","da",6,"atom","atom",TRUE
"ru","da",9,"atom","atom",TRUE
"ru","da",3,"atom","atom",TRUE
"ru","da",8,"atom","atom",TRUE
"ru","da",4,"atom","atom",TRUE
"ru","bg",1,"atom","atom",TRUE
"ru","bg",1,"atom","atom",TRUE
"ru","bg",1000,"1000","1000",TRUE
"ru","bg",2,"atom","atom",TRUE
"ru","bg",11,"1+10","1+10",TRUE
"ru","bg",5,"atom","atom",TRUE
"ru","bg",20,"2*base","2*10",FALSE
"ru","bg",100,"100","100",TRUE
"ru","bg",40,"atom","4*10",FALSE
"ru","bg",12,"2+10","2+10",TRUE
"ru","bg",30,"3*base","3*10",FALSE
"ru","bg",20,"2*base","2*10",FALSE
"ru","bg",3,"atom","atom",TRUE
"ru","bg",11,"1+10","1+10",TRUE
"ru","bg",60,"6*10","6*10",TRUE
"ru","bg",80,"8*10","8*10",TRUE
"ru","bg",6,"atom","atom",TRUE
"ru","bg",50,"5*10","5*10",TRUE
"ru","bg",4,"atom","atom",TRUE
"ru","bg",90,"9*base","9*10",FALSE
"ru","bg",10,"atom","atom",TRUE
"ru","bg",70,"7*10","7*10",TRUE
"ru","bg",8,"atom","atom",TRUE
"ru","bg",12,"2+10","2+10",TRUE
"ru","bg",9,"atom","atom",TRUE
"pt","ru",1000,"1000","1000",TRUE
"pt","ru",100,"100","100",TRUE
"pt","ru",2,"atom","atom",TRUE
"pt","ru",3,"atom","atom",TRUE
"pt","ru",11,"1+10","1+10",TRUE
"pt","ru",70,"7*base","7*10",FALSE
"pt","ru",10,"atom","atom",TRUE
"pt","ru",50,"5*base","5*10",FALSE
"pt","ru",60,"6*base","6*10",FALSE
"pt","ru",4,"atom","atom",TRUE
"pt","ru",5,"atom","atom",TRUE
"pt","ru",6,"atom","atom",TRUE
"pt","ru",80,"8*base","8*10",FALSE
"pt","ru",12,"2+10","2+10",TRUE
"pt","ru",20,"atom","2*base",FALSE
"pt","ru",30,"3*base","3*base",TRUE
"pt","ru",40,"4*base","atom",FALSE
"pt","ru",90,"9*base","9*base",TRUE
"pt","ru",9,"atom","atom",TRUE
"pt","ru",8,"atom","atom",TRUE
"en","it",1,"atom","atom",TRUE
"en","it",90,"9*10","9*base",FALSE
"en","it",70,"7*10","7*base",FALSE
"en","it",80,"8*10","8*base",FALSE
"en","it",60,"6*10","6*base",FALSE
"en","it",50,"5*10","5*base",FALSE
"en","it",2,"atom","atom",TRUE
"en","it",6,"atom","atom",TRUE
"en","it",12,"atom","2+10",FALSE
"en","it",5,"atom","atom",TRUE
"en","it",30,"3*10","3*base",FALSE
"en","it",9,"atom","atom",TRUE
"en","it",7,"atom","atom",TRUE
"en","it",20,"2*10","atom",FALSE
"en","it",3,"atom","atom",TRUE
"en","it",4,"atom","atom",TRUE
"en","it",40,"4*10","4*base",FALSE
"en","it",10,"atom","atom",TRUE
"en","it",8,"atom","atom",TRUE
"it","sv",1,"atom","atom",TRUE
"it","sv",1,"atom","atom",TRUE
"it","sv",1000,"1000","(1*)1000",FALSE
"it","sv",2,"atom","atom",TRUE
"it","sv",60,"6*base","6*10",FALSE
"it","sv",100,"100","(1*)100",FALSE
"it","sv",70,"7*base","7*10",FALSE
"it","sv",90,"9*base","9*10",FALSE
"it","sv",80,"8*base","8*10",FALSE
"it","sv",50,"5*base","5*10",FALSE
"it","sv",30,"3*base","3*10",FALSE
"it","sv",40,"4*base","4*10",FALSE
"it","sv",20,"atom","atom",TRUE
"it","sv",6,"atom","atom",TRUE
"it","sv",3,"atom","atom",TRUE
"it","sv",9,"atom","atom",TRUE
"it","sv",12,"2+10","atom",FALSE
"it","sv",7,"atom","atom",TRUE
"it","sv",10,"atom","atom",TRUE
"it","sv",4,"atom","atom",TRUE
"it","sv",5,"atom","atom",TRUE
"it","sv",8,"atom","atom",TRUE
"hu","es",7,"atom","atom",TRUE
"hu","es",1,"atom","atom",TRUE
"hu","es",1000,"1000","1000",TRUE
"hu","es",7,"atom","atom",TRUE
"hu","es",100,"100","100",TRUE
"hu","es",100,"100","100",TRUE
"hu","es",3,"atom","atom",TRUE
"hu","es",90,"9*10","9*base",FALSE
"hu","es",6,"atom","atom",TRUE
"hu","es",5,"atom","atom",TRUE
"hu","es",8,"atom","atom",TRUE
"hu","es",30,"3*10","3*base",FALSE
"hu","es",20,"2*10","atom",FALSE
"hu","es",4,"atom","atom",TRUE
"hu","es",60,"6*10","6*base",FALSE
"hu","es",11,"10+1","1+base",FALSE
"hu","es",9,"atom","atom",TRUE
"hu","es",80,"8*10","8*base",FALSE
"hu","es",10,"atom","atom",TRUE
"hu","es",70,"7*10","7*base",FALSE
"hu","es",50,"5*10","5*base",FALSE
"hu","es",40,"4*10","4*base",FALSE
"de","fi",1000,"1000","1000",TRUE
"de","fi",100,"100","100",TRUE
"de","fi",80,"8*10","8*10",TRUE
"de","fi",2,"atom","atom",TRUE
"de","fi",6,"atom","atom",TRUE
"de","fi",11,"atom","1+2ndbase",FALSE
"de","fi",90,"9*10","9*10",TRUE
"de","fi",70,"7*10","7*10",TRUE
"de","fi",3,"atom","atom",TRUE
"de","fi",4,"atom","atom",TRUE
"de","fi",8,"atom","atom",TRUE
"de","fi",5,"atom","atom",TRUE
"de","fi",9,"atom","atom",TRUE
"de","fi",12,"atom","2+2ndbase",FALSE
"de","fi",20,"2*10","2*10",TRUE
"de","fi",10,"atom","atom",TRUE
"de","fi",30,"3*10","3*10",TRUE
"de","fi",40,"4*10","4*10",TRUE
"de","fi",60,"6*10","6*10",TRUE
"de","fi",50,"5*10","5*10",TRUE
"de","no",1000,"1000","(1*)1000",FALSE
"de","no",2,"atom","atom",TRUE
"de","no",100,"100","(1*)100",FALSE
"de","no",3,"atom","atom",TRUE
"de","no",90,"9*10","9*10",TRUE
"de","no",4,"atom","atom",TRUE
"de","no",5,"atom","atom",TRUE
"de","no",80,"8*10","8*10",TRUE
"de","no",50,"5*10","5*10",TRUE
"de","no",40,"4*10","4*10/4*baseS",FALSE
"de","no",6,"atom","atom",TRUE
"de","no",70,"7*10","7*10",TRUE
"de","no",11,"atom","atom",TRUE
"de","no",9,"atom","atom",TRUE
"de","no",30,"3*10","3*10/3*base",FALSE
"de","no",10,"atom","atom",TRUE
"de","no",8,"atom","atom",TRUE
"de","no",20,"2*10","atom",FALSE
"de","no",12,"atom","atom",TRUE
"de","no",60,"6*10","6*10",TRUE
"nl","cs",1000,"1000","1000",TRUE
"nl","cs",90,"9*10","9*10",TRUE
"nl","cs",80,"8*10","8*10",TRUE
"nl","cs",70,"7*10","7*10",TRUE
"nl","cs",100,"100","100",TRUE
"nl","cs",8,"atom","atom",TRUE
"nl","cs",2,"atom","atom",TRUE
"nl","cs",60,"6*10","6*10",TRUE
"nl","cs",7,"atom","atom",TRUE
"nl","cs",5,"atom","atom",TRUE
"nl","cs",3,"atom","atom",TRUE
"nl","cs",6,"atom","atom",TRUE
"nl","cs",10,"atom","atom",TRUE
"nl","cs",9,"atom","atom",TRUE
"nl","cs",50,"5*10","5*10",TRUE
"nl","cs",4,"atom","atom",TRUE
"nl","cs",12,"atom","2+base",FALSE
"nl","cs",11,"atom","1+base",FALSE
"nl","cs",30,"3*10","3*base",FALSE
"nl","cs",40,"4*10","4*base",FALSE
"nl","cs",20,"2*10","2*base",FALSE
"ru","fi",1,"atom","atom",TRUE
"ru","fi",1,"atom","atom",TRUE
"ru","fi",1000,"1000","1000",TRUE
"ru","fi",2,"atom","atom",TRUE
"ru","fi",100,"100","100",TRUE
"ru","fi",3,"atom","atom",TRUE
"ru","fi",5,"atom","atom",TRUE
"ru","fi",6,"atom","atom",TRUE
"ru","fi",4,"atom","atom",TRUE
"ru","fi",11,"1+10","1+2ndbase",FALSE
"ru","fi",10,"atom","atom",TRUE
"ru","fi",12,"2+10","2+2ndbase",FALSE
"ru","fi",8,"atom","atom",TRUE
"ru","fi",9,"atom","atom",TRUE
"ru","fi",50,"5*10","5*10",TRUE
"ru","fi",40,"atom","4*10",FALSE
"ru","fi",60,"6*10","6*10",TRUE
"ru","fi",70,"7*10","7*10",TRUE
"ru","fi",30,"3*base","3*10",FALSE
"ru","fi",20,"2*base","2*10",FALSE
"ru","fi",80,"8*10","8*10",TRUE
"ru","fi",90,"9*base","9*10",FALSE
"it","ru",1,"atom","atom",TRUE
"it","ru",1000,"1000","1000",TRUE
"it","ru",90,"9*base","9*base",TRUE
"it","ru",80,"8*base","8*10",FALSE
"it","ru",70,"7*base","7*10",FALSE
"it","ru",60,"6*base","6*10",FALSE
"it","ru",100,"100","100",TRUE
"it","ru",50,"5*base","5*10",FALSE
"it","ru",6,"atom","atom",TRUE
"it","ru",12,"2+10","2+10",TRUE
"it","ru",30,"3*base","3*base",TRUE
"it","ru",5,"atom","atom",TRUE
"it","ru",9,"atom","atom",TRUE
"it","ru",7,"atom","atom",TRUE
"it","ru",2,"atom","atom",TRUE
"it","ru",40,"4*base","atom",FALSE
"it","ru",10,"atom","atom",TRUE
"it","ru",20,"atom","2*base",FALSE
"it","ru",3,"atom","atom",TRUE
"it","ru",4,"atom","atom",TRUE
"it","ru",8,"atom","atom",TRUE
"nl","fi",1000,"1000","1000",TRUE
"nl","fi",70,"7*10","7*10",TRUE
"nl","fi",80,"8*10","8*10",TRUE
"nl","fi",90,"9*10","9*10",TRUE
"nl","fi",60,"6*10","6*10",TRUE
"nl","fi",100,"100","100",TRUE
"nl","fi",2,"atom","atom",TRUE
"nl","fi",8,"atom","atom",TRUE
"nl","fi",10,"atom","atom",TRUE
"nl","fi",7,"atom","atom",TRUE
"nl","fi",4,"atom","atom",TRUE
"nl","fi",50,"5*10","5*10",TRUE
"nl","fi",6,"atom","atom",TRUE
"nl","fi",5,"atom","atom",TRUE
"nl","fi",3,"atom","atom",TRUE
"nl","fi",9,"atom","atom",TRUE
"nl","fi",12,"atom","2+2ndbase",FALSE
"nl","fi",11,"atom","1+2ndbase",FALSE
"nl","fi",30,"3*10","3*10",TRUE
"nl","fi",40,"4*10","4*10",TRUE
"nl","fi",20,"2*10","2*10",TRUE
"ru","sv",1,"atom","atom",TRUE
"ru","sv",1,"atom","atom",TRUE
"ru","sv",1,"atom","atom",TRUE
"ru","sv",1000,"1000","(1*)1000",FALSE
"ru","sv",2,"atom","atom",TRUE
"ru","sv",100,"100","(1*)100",FALSE
"ru","sv",3,"atom","atom",TRUE
"ru","sv",40,"atom","4*10",FALSE
"ru","sv",30,"3*base","3*10",FALSE
"ru","sv",70,"7*10","7*10",TRUE
"ru","sv",20,"2*base","atom",FALSE
"ru","sv",4,"atom","atom",TRUE
"ru","sv",10,"atom","atom",TRUE
"ru","sv",50,"5*10","5*10",TRUE
"ru","sv",80,"8*10","8*10",TRUE
"ru","sv",5,"atom","atom",TRUE
"ru","sv",90,"9*base","9*10",FALSE
"ru","sv",11,"1+10","atom",FALSE
"ru","sv",8,"atom","atom",TRUE
"ru","sv",6,"atom","atom",TRUE
"ru","sv",60,"6*10","6*10",TRUE
"ru","sv",12,"2+10","atom",FALSE
"ru","sv",9,"atom","atom",TRUE
"en","pt",1,"atom","atom",TRUE
"en","pt",2,"atom","atom",TRUE
"en","pt",3,"atom","atom",TRUE
"en","pt",80,"8*10","8*base",FALSE
"en","pt",70,"7*10","7*base",FALSE
"en","pt",90,"9*10","9*base",FALSE
"en","pt",10,"atom","atom",TRUE
"en","pt",20,"2*10","atom",FALSE
"en","pt",60,"6*10","6*base",FALSE
"en","pt",4,"atom","atom",TRUE
"en","pt",50,"5*10","5*base",FALSE
"en","pt",30,"3*10","3*base",FALSE
"en","pt",11,"atom","1+10",FALSE
"en","pt",40,"4*10","4*base",FALSE
"en","pt",5,"atom","atom",TRUE
"en","pt",7,"atom","atom",TRUE
"en","pt",6,"atom","atom",TRUE
"en","pt",12,"atom","2+10",FALSE
"en","pt",8,"atom","atom",TRUE
"en","pt",9,"atom","atom",TRUE
"it","bg",1,"atom","atom",TRUE
"it","bg",1000,"1000","1000",TRUE
"it","bg",90,"9*base","9*10",FALSE
"it","bg",70,"7*base","7*10",FALSE
"it","bg",80,"8*base","8*10",FALSE
"it","bg",100,"100","100",TRUE
"it","bg",60,"6*base","6*10",FALSE
"it","bg",12,"2+10","2+10",TRUE
"it","bg",20,"atom","2*10",FALSE
"it","bg",20,"atom","2*10",FALSE
"it","bg",12,"2+10","2+10",TRUE
"it","bg",9,"atom","atom",TRUE
"it","bg",2,"atom","atom",TRUE
"it","bg",6,"atom","atom",TRUE
"it","bg",50,"5*base","5*10",FALSE
"it","bg",7,"atom","atom",TRUE
"it","bg",10,"atom","atom",TRUE
"it","bg",8,"atom","atom",TRUE
"it","bg",5,"atom","atom",TRUE
"it","bg",30,"3*base","3*10",FALSE
"it","bg",4,"atom","atom",TRUE
"it","bg",3,"atom","atom",TRUE
"it","bg",40,"4*base","4*10",FALSE
"de","ru",1000,"1000","1000",TRUE
"de","ru",100,"100","100",TRUE
"de","ru",2,"atom","atom",TRUE
"de","ru",90,"9*10","9*base",FALSE
"de","ru",70,"7*10","7*10",TRUE
"de","ru",80,"8*10","8*10",TRUE
"de","ru",40,"4*10","atom",FALSE
"de","ru",11,"atom","1+10",FALSE
"de","ru",3,"atom","atom",TRUE
"de","ru",50,"5*10","5*10",TRUE
"de","ru",30,"3*10","3*base",FALSE
"de","ru",10,"atom","atom",TRUE
"de","ru",5,"atom","atom",TRUE
"de","ru",6,"atom","atom",TRUE
"de","ru",20,"2*10","2*base",FALSE
"de","ru",12,"atom","2+10",FALSE
"de","ru",4,"atom","atom",TRUE
"de","ru",60,"6*10","6*10",TRUE
"de","ru",9,"atom","atom",TRUE
"de","ru",8,"atom","atom",TRUE
"en","bg",1,"atom","atom",TRUE
"en","bg",2,"atom","atom",TRUE
"en","bg",11,"atom","1+10",FALSE
"en","bg",3,"atom","atom",TRUE
"en","bg",12,"atom","2+10",FALSE
"en","bg",20,"2*10","2*10",TRUE
"en","bg",20,"2*10","2*10",TRUE
"en","bg",5,"atom","atom",TRUE
"en","bg",30,"3*10","3*10",TRUE
"en","bg",10,"atom","atom",TRUE
"en","bg",60,"6*10","6*10",TRUE
"en","bg",11,"atom","1+10",FALSE
"en","bg",40,"4*10","4*10",TRUE
"en","bg",80,"8*10","8*10",TRUE
"en","bg",4,"atom","atom",TRUE
"en","bg",70,"7*10","7*10",TRUE
"en","bg",50,"5*10","5*10",TRUE
"en","bg",12,"atom","2+10",FALSE
"en","bg",6,"atom","atom",TRUE
"en","bg",8,"atom","atom",TRUE
"en","bg",90,"9*10","9*10",TRUE
"en","bg",9,"atom","atom",TRUE
"en","bg",7,"atom","atom",TRUE
"pt","de",1000,"1000","1000",TRUE
"pt","de",100,"100","100",TRUE
"pt","de",2,"atom","atom",TRUE
"pt","de",80,"8*base","8*10",FALSE
"pt","de",90,"9*base","9*10",FALSE
"pt","de",70,"7*base","7*10",FALSE
"pt","de",40,"4*base","4*10",FALSE
"pt","de",50,"5*base","5*10",FALSE
"pt","de",30,"3*base","3*10",FALSE
"pt","de",11,"1+10","atom",FALSE
"pt","de",60,"6*base","6*10",FALSE
"pt","de",10,"atom","atom",TRUE
"pt","de",3,"atom","atom",TRUE
"pt","de",20,"atom","2*10",FALSE
"pt","de",9,"atom","atom",TRUE
"pt","de",12,"2+10","atom",FALSE
"pt","de",5,"atom","atom",TRUE
"pt","de",4,"atom","atom",TRUE
"pt","de",8,"atom","atom",TRUE
"pt","de",6,"atom","atom",TRUE
"es","uk",1,"atom","atom",TRUE
"es","uk",2,"atom","atom",TRUE
"es","uk",1000,"1000","1000",TRUE
"es","uk",100,"100","100",TRUE
"es","uk",40,"4*base","atom",FALSE
"es","uk",4,"atom","atom",TRUE
"es","uk",60,"6*base","6*10",FALSE
"es","uk",11,"1+base","1+10",FALSE
"es","uk",20,"atom","2*10",FALSE
"es","uk",30,"3*base","3*10",FALSE
"es","uk",12,"2+base","2+10",FALSE
"es","uk",70,"7*base","7*10",FALSE
"es","uk",80,"8*base","8*10",FALSE
"es","uk",10,"atom","atom",TRUE
"es","uk",6,"atom","atom",TRUE
"es","uk",8,"atom","atom",TRUE
"hu","fr",7,"atom","atom",TRUE
"hu","fr",1,"atom","atom",TRUE
"hu","fr",1000,"1000","1000",TRUE
"hu","fr",7,"atom","atom",TRUE
"hu","fr",3,"atom","atom",TRUE
"hu","fr",4,"atom","atom",TRUE
"hu","fr",20,"2*10","atom",FALSE
"hu","fr",6,"atom","atom",TRUE
"hu","fr",10,"atom","atom",TRUE
"hu","fr",8,"atom","atom",TRUE
"hu","fr",9,"atom","atom",TRUE
"hu","fr",11,"10+1","1+base",FALSE
"hu","fr",50,"5*10","5*base",FALSE
"hu","fr",5,"atom","atom",TRUE
"hu","fr",30,"3*10","3*base",FALSE
"hu","fr",60,"6*10","6*base",FALSE
"hu","fr",100,"100","100",TRUE
"hu","fr",40,"4*10","4*base",FALSE
"it","fi",1,"atom","atom",TRUE
"it","fi",1000,"1000","1000",TRUE
"it","fi",80,"8*base","8*10",FALSE
"it","fi",70,"7*base","7*10",FALSE
"it","fi",90,"9*base","9*10",FALSE
"it","fi",60,"6*base","6*10",FALSE
"it","fi",6,"atom","atom",TRUE
"it","fi",50,"5*base","5*10",FALSE
"it","fi",2,"atom","atom",TRUE
"it","fi",4,"atom","atom",TRUE
"it","fi",3,"atom","atom",TRUE
"it","fi",7,"atom","atom",TRUE
"it","fi",12,"2+10","2+2ndbase",FALSE
"it","fi",9,"atom","atom",TRUE
"it","fi",100,"100","100",TRUE
"it","fi",5,"atom","atom",TRUE
"it","fi",30,"3*base","3*10",FALSE
"it","fi",10,"atom","atom",TRUE
"it","fi",8,"atom","atom",TRUE
"it","fi",20,"atom","2*10",FALSE
"it","fi",40,"4*base","4*10",FALSE
"en","no",1,"atom","atom",TRUE
"en","no",1,"atom","atom",TRUE
"en","no",2,"atom","atom",TRUE
"en","no",3,"atom","atom",TRUE
"en","no",4,"atom","atom",TRUE
"en","no",5,"atom","atom",TRUE
"en","no",7,"atom","atom",TRUE
"en","no",8,"atom","atom",TRUE
"en","no",10,"atom","atom",TRUE
"en","no",6,"atom","atom",TRUE
"en","no",11,"atom","atom",TRUE
"en","no",90,"9*10","9*10",TRUE
"en","no",9,"atom","atom",TRUE
"en","no",70,"7*10","7*10",TRUE
"en","no",12,"atom","atom",TRUE
"en","no",40,"4*10","4*10/4*baseS",FALSE
"en","no",50,"5*10","5*10",TRUE
"en","no",20,"2*10","atom",FALSE
"en","no",80,"8*10","8*10",TRUE
"en","no",30,"3*10","3*10/3*base",FALSE
"en","no",60,"6*10","6*10",TRUE
"it","nl",1000,"1000","1000",TRUE
"it","nl",1,"atom","atom",TRUE
"it","nl",100,"100","100",TRUE
"it","nl",90,"9*base","9*10",FALSE
"it","nl",2,"atom","atom",TRUE
"it","nl",40,"4*base","4*10",FALSE
"it","nl",30,"3*base","3*10",FALSE
"it","nl",20,"atom","2*10",FALSE
"it","nl",80,"8*base","8*10",FALSE
"it","nl",70,"7*base","7*10",FALSE
"it","nl",50,"5*base","5*10",FALSE
"it","nl",60,"6*base","6*10",FALSE
"it","nl",6,"atom","atom",TRUE
"it","nl",10,"atom","atom",TRUE
"it","nl",3,"atom","atom",TRUE
"it","nl",12,"2+10","atom",FALSE
"it","nl",9,"atom","atom",TRUE
"it","nl",4,"atom","atom",TRUE
"it","nl",5,"atom","atom",TRUE
"it","nl",7,"atom","atom",TRUE
"it","nl",8,"atom","atom",TRUE
"en","uk",1,"atom","atom",TRUE
"en","uk",7,"atom","atom",TRUE
"en","uk",2,"atom","atom",TRUE
"en","uk",3,"atom","atom",TRUE
"en","uk",40,"4*10","atom",FALSE
"en","uk",70,"7*10","7*10",TRUE
"en","uk",4,"atom","atom",TRUE
"en","uk",60,"6*10","6*10",TRUE
"en","uk",80,"8*10","8*10",TRUE
"en","uk",30,"3*10","3*10",TRUE
"en","uk",10,"atom","atom",TRUE
"en","uk",11,"atom","1+10",FALSE
"en","uk",6,"atom","atom",TRUE
"en","uk",20,"2*10","2*10",TRUE
"en","uk",12,"atom","2+10",FALSE
"en","uk",8,"atom","atom",TRUE
"hu","fi",7,"atom","atom",TRUE
"hu","fi",1,"atom","atom",TRUE
"hu","fi",1000,"1000","1000",TRUE
"hu","fi",7,"atom","atom",TRUE
"hu","fi",3,"atom","atom",TRUE
"hu","fi",4,"atom","atom",TRUE
"hu","fi",100,"100","100",TRUE
"hu","fi",5,"atom","atom",TRUE
"hu","fi",6,"atom","atom",TRUE
"hu","fi",20,"2*10","2*10",TRUE
"hu","fi",11,"10+1","1+2ndbase",FALSE
"hu","fi",10,"atom","atom",TRUE
"hu","fi",30,"3*10","3*10",TRUE
"hu","fi",9,"atom","atom",TRUE
"hu","fi",8,"atom","atom",TRUE
"hu","fi",80,"8*10","8*10",TRUE
"hu","fi",60,"6*10","6*10",TRUE
"hu","fi",40,"4*10","4*10",TRUE
"hu","fi",50,"5*10","5*10",TRUE
"hu","fi",70,"7*10","7*10",TRUE
"hu","fi",90,"9*10","9*10",TRUE
"bg","sv",1,"atom","atom",TRUE
"bg","sv",1,"atom","atom",TRUE
"bg","sv",1000,"1000","(1*)1000",FALSE
"bg","sv",100,"100","(1*)100",FALSE
"bg","sv",20,"2*10","atom",FALSE
"bg","sv",30,"3*10","3*10",TRUE
"bg","sv",40,"4*10","4*10",TRUE
"bg","sv",11,"1+10","atom",FALSE
"bg","sv",50,"5*10","5*10",TRUE
"bg","sv",3,"atom","atom",TRUE
"bg","sv",70,"7*10","7*10",TRUE
"bg","sv",80,"8*10","8*10",TRUE
"bg","sv",90,"9*10","9*10",TRUE
"bg","sv",10,"atom","atom",TRUE
"bg","sv",4,"atom","atom",TRUE
"bg","sv",5,"atom","atom",TRUE
"bg","sv",8,"atom","atom",TRUE
"bg","sv",12,"2+10","atom",FALSE
"bg","sv",9,"atom","atom",TRUE
"bg","sv",7,"atom","atom",TRUE
"bg","sv",6,"atom","atom",TRUE
"da","sv",70,"3.5*20","7*10",FALSE
"da","sv",90,"4.5*20","9*10",FALSE
"da","sv",2,"atom","atom",TRUE
"da","sv",100,"(1*)100","(1*)100",TRUE
"da","sv",80,"4*20","8*10",FALSE
"da","sv",60,"3*20","6*10",FALSE
"da","sv",40,"4*base","4*10",FALSE
"da","sv",30,"3*base","3*10",FALSE
"da","sv",50,"2.5*20","5*10",FALSE
"da","sv",20,"2*base","atom",FALSE
"da","sv",10,"atom","atom",TRUE
"da","sv",9,"atom","atom",TRUE
"da","sv",3,"atom","atom",TRUE
"da","sv",6,"atom","atom",TRUE
"da","sv",7,"atom","atom",TRUE
"da","sv",12,"atom","atom",TRUE
"da","sv",11,"atom","atom",TRUE
"da","sv",5,"atom","atom",TRUE
"da","sv",4,"atom","atom",TRUE
"da","sv",8,"atom","atom",TRUE
"uk","no",1,"atom","atom",TRUE
"uk","no",1,"atom","atom",TRUE
"uk","no",1,"atom","atom",TRUE
"uk","no",7,"atom","atom",TRUE
"uk","no",2,"atom","atom",TRUE
"uk","no",1000,"1000","(1*)1000",FALSE
"uk","no",3,"atom","atom",TRUE
"uk","no",100,"100","(1*)100",FALSE
"uk","no",4,"atom","atom",TRUE
"uk","no",40,"atom","4*10/4*baseS",FALSE
"uk","no",6,"atom","atom",TRUE
"uk","no",11,"1+10","atom",FALSE
"uk","no",10,"atom","atom",TRUE
"uk","no",12,"2+10","atom",FALSE
"uk","no",8,"atom","atom",TRUE
"uk","no",60,"6*10","6*10",TRUE
"uk","no",80,"8*10","8*10",TRUE
"uk","no",20,"2*10","atom",FALSE
"uk","no",70,"7*10","7*10",TRUE
"uk","no",30,"3*10","3*10/3*base",FALSE
"pt","sv",100,"100","(1*)100",FALSE
"pt","sv",2,"atom","atom",TRUE
"pt","sv",1000,"1000","(1*)1000",FALSE
"pt","sv",40,"4*base","4*10",FALSE
"pt","sv",20,"atom","atom",TRUE
"pt","sv",50,"5*base","5*10",FALSE
"pt","sv",3,"atom","atom",TRUE
"pt","sv",60,"6*base","6*10",FALSE
"pt","sv",30,"3*base","3*10",FALSE
"pt","sv",70,"7*base","7*10",FALSE
"pt","sv",80,"8*base","8*10",FALSE
"pt","sv",90,"9*base","9*10",FALSE
"pt","sv",4,"atom","atom",TRUE
"pt","sv",8,"atom","atom",TRUE
"pt","sv",11,"1+10","atom",FALSE
"pt","sv",10,"atom","atom",TRUE
"pt","sv",6,"atom","atom",TRUE
"pt","sv",5,"atom","atom",TRUE
"pt","sv",12,"2+10","atom",FALSE
"pt","sv",9,"atom","atom",TRUE
"hu","nl",7,"atom","atom",TRUE
"hu","nl",1000,"1000","1000",TRUE
"hu","nl",1,"atom","atom",TRUE
"hu","nl",90,"9*10","9*10",TRUE
"hu","nl",7,"atom","atom",TRUE
"hu","nl",80,"8*10","8*10",TRUE
"hu","nl",100,"100","100",TRUE
"hu","nl",70,"7*10","7*10",TRUE
"hu","nl",60,"6*10","6*10",TRUE
"hu","nl",10,"atom","atom",TRUE
"hu","nl",50,"5*10","5*10",TRUE
"hu","nl",5,"atom","atom",TRUE
"hu","nl",3,"atom","atom",TRUE
"hu","nl",8,"atom","atom",TRUE
"hu","nl",6,"atom","atom",TRUE
"hu","nl",4,"atom","atom",TRUE
"hu","nl",9,"atom","atom",TRUE
"hu","nl",11,"10+1","atom",FALSE
"hu","nl",20,"2*10","2*10",TRUE
"hu","nl",30,"3*10","3*10",TRUE
"hu","nl",40,"4*10","4*10",TRUE
"cs","sv",1,"atom","atom",TRUE
"cs","sv",1,"atom","atom",TRUE
"cs","sv",2,"atom","atom",TRUE
"cs","sv",1000,"1000","(1*)1000",FALSE
"cs","sv",100,"100","(1*)100",FALSE
"cs","sv",3,"atom","atom",TRUE
"cs","sv",4,"atom","atom",TRUE
"cs","sv",30,"3*base","3*10",FALSE
"cs","sv",8,"atom","atom",TRUE
"cs","sv",11,"1+base","atom",FALSE
"cs","sv",20,"2*base","atom",FALSE
"cs","sv",90,"9*10","9*10",TRUE
"cs","sv",10,"atom","atom",TRUE
"cs","sv",80,"8*10","8*10",TRUE
"cs","sv",40,"4*base","4*10",FALSE
"cs","sv",6,"atom","atom",TRUE
"cs","sv",7,"atom","atom",TRUE
"cs","sv",60,"6*10","6*10",TRUE
"cs","sv",70,"7*10","7*10",TRUE
"cs","sv",9,"atom","atom",TRUE
"cs","sv",12,"2+base","atom",FALSE
"uk","fi",1,"atom","atom",TRUE
"uk","fi",1,"atom","atom",TRUE
"uk","fi",7,"atom","atom",TRUE
"uk","fi",2,"atom","atom",TRUE
"uk","fi",1000,"1000","1000",TRUE
"uk","fi",4,"atom","atom",TRUE
"uk","fi",3,"atom","atom",TRUE
"uk","fi",40,"atom","4*10",FALSE
"uk","fi",60,"6*10","6*10",TRUE
"uk","fi",70,"7*10","7*10",TRUE
"uk","fi",6,"atom","atom",TRUE
"uk","fi",10,"atom","atom",TRUE
"uk","fi",100,"100","100",TRUE
"uk","fi",8,"atom","atom",TRUE
"uk","fi",80,"8*10","8*10",TRUE
"uk","fi",11,"1+10","1+2ndbase",FALSE
"uk","fi",30,"3*10","3*10",TRUE
"uk","fi",20,"2*10","2*10",TRUE
"uk","fi",12,"2+10","2+2ndbase",FALSE
"fr","ru",9,"atom","atom",TRUE
"fr","ru",1,"atom","atom",TRUE
"fr","ru",1000,"1000","1000",TRUE
"fr","ru",2,"atom","atom",TRUE
"fr","ru",100,"100","100",TRUE
"fr","ru",9,"atom","atom",TRUE
"fr","ru",4,"atom","atom",TRUE
"fr","ru",8,"atom","atom",TRUE
"fr","ru",5,"atom","atom",TRUE
"fr","ru",40,"4*base","atom",FALSE
"fr","ru",6,"atom","atom",TRUE
"fr","ru",30,"3*base","3*base",TRUE
"fr","ru",20,"atom","2*base",FALSE
"fr","ru",60,"6*base","6*10",FALSE
"fr","ru",50,"5*base","5*10",FALSE
